ind;ringnr;tr;plats;year;date;hour;sign;sex;age;wing;tarsv;tail;wproj;fett;weigh;bill;bihe;biwi
H1-29;NA;1;Tak;89;51;12;DHT;female;35;95;32.9;NA;NA;2;30.3;NA;NA;NA
H1-38;NA;1;Tak;89;42;8;SBH;female;35;99;33.1;NA;NA;2;34.9;NA;NA;NA
H1-51;NA;1;Tak;89;38;11;SBH;male;35;101;34.1;NA;NA;2;35.3;NA;NA;NA
H1-58;NA;1;Tak;89;42;7;SBH;male;20;100;34.8;NA;NA;1;36.5;NA;NA;NA
H1-89;NA;1;Tak;89;38;10;SBH;male;35;104;33.9;NA;NA;2;36.8;NA;NA;NA
H1-91;NA;1;Tak;89;42;12;SBH;male;20;101;33.8;NA;NA;2;37.3;NA;NA;NA
H4-15;NA;1;Tak;89;37;9;SBH;male;20;100;34.1;NA;NA;1;35.6;NA;NA;NA
H4-17;NA;1;Tak;89;36;9;SBH;male;20;103;33;NA;NA;1;34.6;NA;NA;NA
H0-19;NA;1;Tak;89;37;9;SBH;male;20;101;34;NA;NA;2;36.2;NA;NA;NA
H4-22;NA;1;Tak;89;17;10;SBH;male;35;103;34;NA;NA;2;32.7;NA;NA;NA
H4-23;NA;1;Tak;89;24;9;DHT;male;25;98;33;NA;NA;1;33.4;NA;NA;NA
H4-25;NA;1;Tak;89;20;11;SBH;female;35;98;32.1;NA;NA;3;35.3;NA;NA;NA
H4-25;NA;1;Tak;89;4;10;SBH;male;35;102;33.2;NA;NA;3;NA;NA;NA;NA
H4-27;NA;1;Tak;89;24;15;UON;male;20;102;32.8;NA;NA;2;34.6;NA;NA;NA
H4-28;NA;1;Tak;89;4;14;DHT;male;35;104;34.8;NA;NA;3;NA;NA;NA;NA
H4-32;NA;1;Tak;89;20;13;SBH;male;35;100;35;NA;NA;1;35.3;NA;NA;NA
H4-33;NA;1;Tak;89;27;9;DHT;male;35;104;33.2;NA;NA;2;35.1;NA;NA;NA
H4-35;NA;1;Tak;89;4;13;DHT;male;35;102;33.8;NA;NA;2;NA;NA;NA;NA
H4-38;NA;1;Tak;89;21;8;SBH;male;20;97;34.7;NA;NA;2;36.3;NA;NA;NA
H4-43;NA;1;Tak;89;27;11;DHT;male;20;99;32.2;NA;NA;2;34.4;NA;NA;NA
H4-45;NA;1;Tak;89;27;9;DHT;male;35;99;32.1;NA;NA;1;34.1;NA;NA;NA
H4-48;NA;1;Tak;89;26;12;DHT;female;35;98;33;NA;NA;3;34.4;NA;NA;NA
H4-52;NA;1;Tak;89;37;11;PFN;male;20;101;34.7;NA;NA;1;37.4;NA;NA;NA
H4-53;NA;1;Tak;89;24;12;UON;male;35;101;33.8;NA;NA;1;35.7;NA;NA;NA
H4-55;NA;1;Tak;89;4;14;DHT;male;35;100;34.1;NA;NA;3;NA;NA;NA;NA
H4-57;3423518;1;Tak;89;37;8;PFN;male;20;98;33.3;NA;NA;1;34.3;NA;NA;NA
H4-58;NA;1;Tak;89;17;10;SBH;male;35;105;34.2;NA;NA;2;37.8;NA;NA;NA
H4-59;NA;1;Tak;89;24;13;UON;male;35;103;35;NA;NA;1;35.8;NA;NA;NA
H4-72;NA;1;Tak;89;15;20;SBH;male;35;102;34.7;NA;NA;2;35.8;NA;NA;NA
H4-73;NA;1;Tak;89;24;9;DHT;male;35;100;33.9;NA;NA;2;35.7;NA;NA;NA
H4-75;NA;1;Tak;89;24;10;DHT;male;35;103;34.2;NA;NA;2;36.2;NA;NA;NA
H4-77;NA;1;Tak;89;4;11;SBH;male;35;102;34.2;NA;NA;2;NA;NA;NA;NA
H4-79;NA;1;Tak;89;12;8;DHT;male;35;101;35.7;NA;NA;1;37.5;NA;NA;NA
H4-81;NA;1;Tak;89;36;11;SBH;male;35;100;32.8;NA;NA;1;35.3;NA;NA;NA
H4-82;3423630;1;Tak;89;24;10;DHT;male;35;101;33.1;NA;NA;2;34.2;NA;NA;NA
H4-83;NA;1;Tak;89;26;12;DHT;female;35;97;33.9;NA;NA;2;32.2;NA;NA;NA
H4-85;NA;1;Tak;89;15;21;SBH;male;35;103;34.4;NA;NA;3;36.8;NA;NA;NA
H4-87;NA;1;Tak;89;21;10;SBH;male;35;102;33.5;NA;NA;3;39.8;NA;NA;NA
H4-88;NA;1;Tak;89;18;11;SBH;male;35;104;35.2;NA;NA;2;37.1;NA;NA;NA
H4-89;NA;1;Tak;89;27;10;DHT;male;35;103;32.2;NA;NA;2;37;NA;NA;NA
H4-92;NA;1;Tak;89;17;12;SBH;male;35;102;34.6;NA;NA;3;37.6;NA;NA;NA
H4-93;NA;1;Tak;89;27;10;DHT;male;35;103;33.9;NA;NA;2;38.1;NA;NA;NA
H4-95;NA;1;Tak;89;21;11;SBH;male;35;103;33.3;NA;NA;1;35.3;NA;NA;NA
H4-97;NA;1;Tak;89;24;14;UON;male;25;99;31.9;NA;NA;2;35.3;NA;NA;NA
H4-98;NA;1;Tak;89;4;12;DHT;male;35;103;33.3;NA;NA;3;NA;NA;NA;NA
H4-99;NA;1;Tak;89;17;11;SBH;male;35;103;33.4;NA;NA;2;34.2;NA;NA;NA
V5-33;NA;1;Tak;89;18;18;SBH;male;20;101;34.2;NA;NA;1;34.3;NA;NA;NA
V5-38;NA;1;Tak;89;26;10;DHT;male;20;104;35.3;NA;NA;1;38;NA;NA;NA
V5-87;NA;1;Tak;89;24;8;DHT;male;20;102;33.6;NA;NA;1;34.1;NA;NA;NA
V5-95;NA;1;Tak;89;37;11;SBH;female;20;97;32.8;NA;NA;3;34.5;NA;NA;NA
2-15;NA;1;Grek;90;-9;12;DHT;male;35;100;34.3;NA;NA;3;33.9;NA;NA;NA
2-25;NA;1;Grek;90;-19;17;DHT;male;35;100;34.4;NA;NA;3;33;NA;NA;NA
2-48;NA;1;Grek;90;-9;10;SBH;male;35;97;32.1;NA;NA;2;31.3;NA;NA;NA
2-55;NA;1;Grek;90;-12;12;DHT;male;35;98;33.7;NA;NA;3;33.7;NA;NA;NA
2-59;NA;1;Grek;90;-9;18;SBH;male;35;98;33.4;NA;NA;3;32;NA;NA;NA
2-72;NA;1;Grek;90;-12;13;DHT;male;35;98;33.3;NA;NA;4;34;NA;NA;NA
2-77;NA;1;Grek;90;-9;17;SBH;male;35;97;34;NA;NA;4;34;NA;NA;NA
2-79;NA;1;Grek;90;-12;18;SBH;male;35;102;34.9;NA;NA;3;34;NA;NA;NA
2-89;NA;1;Grek;90;-9;11;SBH;male;35;103;33.1;NA;NA;1;31.8;NA;NA;NA
2-94;NA;1;Grek;90;-9;10;DHT;male;35;99;32;NA;NA;2;28.6;NA;NA;NA
2-99;NA;1;Grek;90;-9;16;SBH;male;35;99;33.3;NA;NA;3;34;NA;NA;NA
2H-38;NA;1;Kvi;91;60;13;DHT;female;50;98;32.1;76;28;2;30.7;11.7;5;5.2
2H-8;NA;1;Kvi;91;41;8;SBH;male;50;105;33.1;83;33;1;35.4;13.3;5.2;5.1
H-23;NA;1;Kvi;91;56;9;SBH;female;80;94;32.2;75;29;2;33.1;12.2;5.2;5
H-42;NA;1;Kvi;91;63;8;DHT;female;70;96;31.9;72;28;1;27.8;11.5;5.1;4.8
H-45;NA;1;Kvi;91;45;7;SBH;female;70;95;32.9;75;28;3;35;12.3;5.1;5.1
H2-9;NA;1;Kvi;91;28;20;SBH;male;50;100.4;33.1;78;31;2;33.8;12.3;5.1;5
H4-83;NA;1;Kvi;91;41;8;SBH;female;55;97;34;76;28.5;2;34.8;12.8;5.1;5.2
H4-83;NA;2;Kvi;91;63;9;DHT;female;55;97;33.8;75;26;1;33.8;13.1;5.3;5.3
H5-11;NA;1;Kvi;91;62;11;SBH;female;40;98;33;75;28;2;30.8;12;5.1;5
H5-14;NA;1;Kvi;91;37;9;DHT;female;40;98;32.6;75;29;1;34.7;12.3;5;5.2
H5-18;NA;1;Kvi;91;60;12;DHT;male;40;106;34;83;30.5;1;33.4;12.7;5.5;5.2
H5-28;NA;1;Kvi;91;18;22;SBH;male;40;101;33.2;78;29;3;33.7;12.1;NA;NA
H5-48;NA;1;Kvi;91;43;10;SBH;male;40;104;33.7;82;32;1;35.7;12;5;5
H5-59;NA;1;Kvi;91;28;8;SBH;female;40;95;32.5;74;29;2;36.3;12.1;5.1;5.1
H5-79;NA;1;Kvi;91;83;10;DHT;female;40;96;32.1;74;29;1;28.8;12.4;5.2;5.3
H5-89;NA;1;Kvi;91;18;22;SBH;male;40;100;34.8;81;31;2;36.6;12.2;NA;NA
H5-97;NA;1;Kvi;91;64;16;BNN;female;40;97;32.2;77;29;2;32.2;12.2;5;5.1
H7-22;NA;1;Kvi;91;24;9;SBH;male;35;103;33.8;82;30;1;36.3;12.8;5.2;5
H7-24;NA;1;Kvi;91;54;9;SBH;female;20;97;33.3;76;29;2;34.4;12.7;5.2;4.9
H7-27;NA;1;Kvi;91;24;6;DHT;male;35;100;34.9;80;28;0;36.5;13;5.6;5.1
H7-28;NA;1;Kvi;91;NA;NA;DHT;female;35;98;32.8;75;29;3;35.7;12.2;5.2;5
H7-29;NA;1;Kvi;91;45;7;DHT;female;20;96;30.4;77;28;4;NA;12.3;5.2;5.2
H7-42;NA;1;Kvi;91;33;9;DHT;female;20;97;33.8;75;29;2;34.4;12.1;5;5.3
H7-47;NA;1;Kvi;91;43;8;SBH;male;20;101;33.6;81;30;2;33.7;12.4;5.1;4.9
H7-47;NA;2;Kvi;91;54;20;DHT;male;20;101;33.8;80;28;3;34.8;12;5.4;5.1
H7-48;NA;1;Kvi;91;53;18;DHT;female;35;98;32.1;74;30;NA;37.3;12.3;5.2;5
H7-55;NA;1;Kvi;91;29;10;DHT;male;35;102;33.9;80;26;1;NA;13.1;5.4;5.3
H7-58;NA;1;Kvi;91;47;18;SBH;male;35;97;32.8;78;28.5;2;34.9;13.2;5.1;4.9
H7-7;NA;1;Kvi;91;53;12;DHT;female;65;99;33.2;78;27;1;31.7;13.1;5.3;5.2
H7-71;NA;1;Kvi;91;37;19;SBH;male;20;99;32.8;78;31;2;33.4;13;5;5.1
H7-78;NA;1;Kvi;91;24;20;SBH;male;35;99;34.8;76;29;1;35.4;12.3;5.2;5.1
H7-82;NA;1;Kvi;91;42;11;DHT;female;35;98;30.8;76;28;1;NA;11.9;5;5.1
H7-82;NA;2;Kvi;91;79;10;DHT;female;35;98;30.8;NA;NA;0;28;NA;NA;NA
H7-85;NA;1;Kvi;91;37;18;SBH;male;35;98;33.4;75;28.5;2;33.7;12.1;5;4.9
H7-99;NA;1;Kvi;91;27;5;SBH;male;35;101.4;34.1;79;30.5;NA;NA;12.8;5.3;5.1
H8-25;NA;1;Kvi;91;67;18;BNN;male;30;100;34.2;78;28;2;37;12.9;NA;NA
H8-27;NA;1;Kvi;91;45;11;SBH;female;30;98;32.5;77;32;3;31.8;11.9;5;5
H8-57;NA;1;Kvi;91;24;6;SBH;male;30;101.4;33.6;83;31;1;32.3;12.3;5.1;5.1
H8-72;NA;1;Kvi;91;30;10;SBH;male;30;100.4;33.4;80;28.5;1;34.4;12.2;5;5.1
H8-92;NA;1;Kvi;91;22;15;DHT;male;30;101;34.9;78;29.5;2;34.6;12.1;5.1;4.9
H8-99;NA;1;Kvi;91;43;9;SBH;female;35;96;32.1;76;30;3;31.6;12.1;5;5
H9-25;NA;1;Kvi;91;27;21;SBH;male;20;101;33.2;80;28;2;32.9;12.8;5.2;5
H9-27;NA;1;Kvi;91;59;11;DHT;female;20;98.3;32.3;76;28.5;2;34.7;12.9;5.2;5.4
H9-28;NA;1;Kvi;91;43;7;DHT;female;20;97.4;32.6;75;29;1;NA;12.3;5.2;5.3
H9-28;NA;2;Kvi;91;73;7;DHT;female;20;97;32.3;75;29.5;NA;NA;NA;NA;NA
H9-29;NA;1;Kvi;91;27;15;SBH;male;20;100;34.1;77;28.5;2;34.7;12.3;5;4.9
H9-52;NA;1;Kvi;91;41;7;DHT;female;20;93.4;31.8;72;26;2;NA;12.2;5;5.2
H9-55;NA;2;Kvi;91;83;12;DHT;female;20;94;32.2;73;26;1;29.3;11.9;5.2;5.2
H9-55;NA;1;Kvi;91;59;8;BNN;female;20;92;32.7;73;27;2;36.4;11.8;5.3;5.7
H9-58;NA;1;Kvi;91;62;20;BNN;female;20;94;33.8;72;28;2;34.6;12.1;5.1;4.9
H9-58;NA;2;Kvi;91;87;11;DHT;female;20;96;33.7;73;28;2;32.2;NA;NA;NA
H9-59;NA;1;Kvi;91;42;19;SBH;male;20;100;32.6;80;30.5;2;34.2;12;5.1;5
H9-75;NA;1;Kvi;91;17;13;SBH;male;20;99;34.9;77;30;2;35.1;13.3;5.4;5
H9-85;NA;1;Kvi;91;46;10;DHT;female;20;94;31.7;74;28.5;1;36.7;12.1;5.1;5.1
H9-85;NA;2;Kvi;91;87;11;DHT;female;20;94;31.7;74;29.5;4;35.5;11.8;5.1;5.2
H9-88;NA;1;Kvi;91;45;11;SBH;male;20;103.7;33;82;32.5;1;33.1;12.2;5.1;4.9
H9-92;NA;1;Kvi;91;42;7;DHT;female;20;96.4;34.1;72;28;1;33.8;11.9;5.1;5.7
H9-94;NA;1;Kvi;91;33;6;DHT;female;20;95.4;33.2;76;NA;2;32.1;12;5.2;5.2
H9-99;NA;1;Kvi;91;43;20;DHT;female;20;99;32.9;77;28;3;36.3;12.2;5.1;5.2
V-21;NA;1;Kvi;91;42;19;DHT;male;45;102;34;79;30;2;35.6;13.1;5;4.9
V-39;NA;1;Kvi;91;56;7;SBH;female;55;96;33.2;74;29;1;32.1;12.8;5;5
V-41;NA;1;Kvi;91;63;16;DHT;female;55;96;32.8;76;28;1;31.4;12;5.2;5.2
V-48;NA;1;Kvi;91;27;21;SBH;male;35;99;32.8;80;28.5;2;NA;12.6;5.1;5
V-57;NA;1;Kvi;91;42;7;DHT;male;35;101;33;79;27;1;32.3;12.4;5.2;5
V-74;NA;1;Kvi;91;54;16;DHT;female;35;95;30.8;75;26.5;1;29.2;12.8;5.2;5
V-81;NA;1;Kvi;91;87;9;DHT;male;40;104.4;34.6;83;32;5;39;13.4;5.2;5.7
V-99;NA;1;Kvi;91;22;15;DHT;male;65;104.4;33.3;80;30;2;35.4;12.6;5.2;4.8
1H-42;NA;1;Seg;91;49;10;DHT;male;35;100;33.6;80;28;2;NA;12;5.3;5
1H-55;NA;2;Seg;91;26;7;SBH;male;35;103;34;82;30;1;35.9;13.4;NA;NA
1H-55;NA;1;Seg;91;84;10;BNN;male;35;102;34.1;81;29.6;0;31.7;13.5;5.6;5.5
1H-77;NA;1;Seg;91;26;7;SBH;male;35;99;33.2;78;30;1;32.6;13.1;NA;NA
1H-88;NA;1;Seg;91;26;9;SBH;male;35;103;34.8;82;32.5;2;35.3;NA;NA;NA
H5-44;NA;1;Seg;91;26;6;SBH;male;40;98;33.5;79;30.5;1;32.6;11.9;NA;NA
H5-99;NA;1;Seg;91;26;9;SBH;male;40;102;33;79;32;2;37.1;12.3;NA;NA
V-24;NA;1;Seg;91;86;11;BNN;female;35;97;NA;NA;NA;2;27;NA;NA;NA
1H-25;NA;1;Tys;91;30;5;SBH;male;35;102;34.5;80;30;1;36.5;12.8;5.3;5.1
1H-75;NA;1;Tys;91;30;6;SBH;male;35;100;33.7;77;31;1;35;13;5.1;4.8
1H-79;NA;1;Tys;91;30;5;DHT;male;35;103;34.6;82;32;1;35.9;12.1;5.4;5.2
1H-99;NA;1;Tys;91;30;7;SBH;male;35;101;34;NA;27;1;36.9;12.9;5.1;5.3
H5-98;NA;1;Tys;91;30;4;SBH;male;40;101;34.8;81;31;2;34.8;12.4;5.2;5
2H-38;NA;1;Kvi;92;46;10;DHT;female;60;99;32.1;78;29;2;30.6;11.5;5.2;5.2
H-23;NA;1;Kvi;92;44;18;BNN;female;90;95;32.1;74;29;0;31.4;12.8;5.3;5.1
H0-01;NA;1;Kvi;92;54;8;BNN;male;20;97;32.9;75;28;1;32.3;12.2;5.2;5.1
H0-09;NA;1;Kvi;92;64;11;DHT;female;20;97.3;32.3;74;29;2;33.2;12.9;5.2;4.9
H0-15;NA;1;Kvi;92;29;16;SBH;female;20;96;32.9;71;28.5;3;37.2;12.5;5.2;5
H0-18;NA;1;Kvi;92;29;9;SBH;male;20;100;32.4;76;29.5;1;NA;12.7;5.2;5.3
H0-25;NA;1;Kvi;92;24;9;DHT;female;20;92;32.6;71;22;3;34.6;11.8;5.1;5
H0-27;NA;1;Kvi;92;25;12;DHT;male;20;97;34.7;74;27.5;2;33.2;12.3;5.2;5.2
H0-45;NA;1;Kvi;92;47;10;BNN;male;20;100;33.7;77;28;1;33.7;13.1;5.1;5
H0-49;NA;1;Kvi;92;44;6;BNN;female;20;93.5;32.7;69;27;1;33.1;13;5.3;5.1
H0-55;NA;1;Kvi;92;22;9;BNN;male;20;102;33.2;75;29;1;NA;13.3;5.2;5
H0-77;NA;2;Kvi;92;28;12;BNN;male;20;101;NA;78.5;30.5;1;33.4;12.1;5.1;4.9
H0-77;NA;1;Kvi;92;58;9;DHT;male;20;100;33.9;80;28;0;30.8;11.9;5;4.8
H0-81;NA;1;Kvi;92;29;8;SBH;female;20;93;31.3;73;27;2;31.9;12.7;5;5.1
H0-81;NA;2;Kvi;92;79;18;DHT;female;20;93;31.8;73;26;2;29.2;13;5;5.4
H0-95;NA;1;Kvi;92;53;9;DHT;female;20;94;34;73;27;1;39.4;12.7;5.2;5.4
H2-9;NA;1;Kvi;92;45;9;DHT;male;60;102;33.2;NA;28;3;35.8;12.1;5.1;4.9
H5-28;NA;1;Kvi;92;46;10;BNN;male;50;102;33.2;76;32;1;31.7;12.8;5.2;5.1
H5-28;NA;2;Kvi;92;47;12;SBH;male;50;102;33.1;78;30;2;31.8;NA;NA;NA
H5-79;NA;1;Kvi;92;49;9;SBH;female;50;97;32;74;29.5;1;27.8;12.5;5;5.1
H5-82;NA;1;Kvi;92;60;9;DHT;female;50;97;32.8;74;26;3;34.4;13;5.4;5.1
H5-89;NA;1;Kvi;92;50;10;DHT;male;50;100;34.5;73;29;1;34.9;12.6;5.2;5.1
H5-98;NA;1;Kvi;92;59;9;DHT;male;50;100;34.7;80;29;1;34.7;12.6;5.3;5.3
H7-11;NA;1;Kvi;92;36;8;BNN;female;35;95;31.9;74;26.5;1;32;13;5.1;5
H7-15;NA;1;Kvi;92;18;11;BNN;male;35;102;33.6;78;30.5;2;34.1;12;5.1;5
H7-18;NA;1;Kvi;92;25;10;SBH;male;20;101;32.7;82;30;2;35.4;12.2;4.8;4.9
H7-2;NA;1;Kvi;92;55;9;DHT;female;70;94.4;32.8;75;26;1;31.3;11.3;5.4;5
H7-21;NA;1;Kvi;92;24;10;DHT;male;35;99;34.3;79;29;1;33.7;13.1;5.3;5.3
H7-21;NA;2;Kvi;92;48;11;BNN;male;35;99;34.3;78;29.5;1;32.1;NA;NA;NA
H7-3;NA;1;Kvi;92;29;16;SBH;male;70;102;34.1;79;31;1;34.1;12.1;5;5
H7-35;NA;1;Kvi;92;44;7;DHT;female;35;95;31.8;71;28.5;1;35;12.7;5.4;4.8
H7-37;NA;1;Kvi;92;45;8;DHT;female;35;101;33.7;78;29.5;2;33.4;13.3;5.3;5.1
H7-39;NA;1;Kvi;92;71;7;BNN;female;20;94;32;72;26;NA;32.2;13.1;5.2;5.1
H7-41;3377753;1;Kvi;92;36;11;DHT;male;35;98;33.7;76;29;3;33.9;12.7;5.1;5
H7-53;NA;1;Kvi;92;37;12;DHT;male;35;105.3;35.1;84;30;2;36.3;12.2;5.4;5
H7-7;NA;1;Kvi;92;50;11;DHT;female;70;100.4;33.1;79;29;1;30;14.1;5.3;5.1
H7-70;NA;1;Kvi;92;41;10;BNN;female;20;95;32.9;74;25.5;NA;33.9;12.8;5.4;5.3
H7-71;NA;1;Kvi;92;53;5;BNN;male;30;99;32;78;31;1;31;13.1;5.2;5
H7-72;NA;1;Kvi;92;20;11;DHT;female;35;94;31.9;74;27;3;35.9;12.4;5.6;5.3
H7-75;NA;1;Kvi;92;42;7;BNN;female;35;100.5;32.8;78;30;1;35.9;NA;NA;NA
H7-77;NA;1;Kvi;92;40;11;BNN;male;35;105;33.8;82;29.5;1;35.5;12.8;5.2;5
H7-77;NA;2;Kvi;92;48;NA;SBH;male;35;103;33.4;82;29;1;34;12.8;5;4.8
H7-78;NA;1;Kvi;92;46;10;DHT;male;45;99;34.6;76;27;1;34.3;12.3;5.2;5.1
H7-80;NA;2;Kvi;92;17;12;BNN;male;35;103;32.8;79;30;1;NA;13;NA;NA
H7-80;NA;1;Kvi;92;20;6;DHT;male;35;104;32.8;82;30.5;1;34.2;13.1;5.1;5
H7-82;NA;1;Kvi;92;44;11;DHT;female;50;96;32.7;73;27;0;30.4;12.8;5.4;5.1
H7-82;NA;2;Kvi;92;50;13;BNN;female;45;98;30.8;74;29;1;28.3;13;5.2;5
H7-87;NA;1;Kvi;92;11;10;DHT;male;35;100;34.2;79;NA;2;35.7;13;5.1;5
H7-88;NA;1;Kvi;92;24;11;BNN;female;20;96;32.3;74;27.5;1;32.6;12.1;4.9;5
H7-89;NA;1;Kvi;92;26;10;BNN;male;20;102;33.9;78;29.5;2;34.4;13.1;5.3;5.4
H7-99;NA;1;Kvi;92;44;12;DHT;male;70;101.7;34.1;78;29.5;2;36.2;12.6;5.3;4.8
H8-00;NA;1;Kvi;92;20;10;DHT;female;40;101;32.4;76;28.5;3;33.8;12.8;5.3;5.1
H8-25;NA;1;Kvi;92;79;18;DHT;male;40;100;34.4;79;29;2;35.5;12.9;5.8;5.4
H8-72;NA;1;Kvi;92;45;11;DHT;male;40;101.6;33.7;81;28.5;1;34;12.5;5.3;5
H9-29;NA;1;Kvi;92;36;11;DHT;male;30;102.4;33.9;79;29;1;34.6;12.3;5.3;5.1
H9-59;NA;1;Kvi;92;11;9;DHT;male;30;101;32.9;80;NA;3;NA;NA;NA;NA
H9-78;NA;1;Kvi;92;24;14;SBH;female;30;95;32.1;75;28;4;36.4;12.2;4.8;4.8
H9-78;NA;2;Kvi;92;47;19;DHT;female;30;96;32.7;76;27.5;4;32.8;NA;NA;NA
H9-85;NA;1;Kvi;92;56;8;DHT;female;30;96;31.8;73;28.5;2;NA;12.3;5;5.2
H9-88;NA;1;Kvi;92;34;7;SBH;male;30;104.4;33;82;30.5;1;33.8;12.4;5.1;4.8
H9-94;NA;1;Kvi;92;49;11;SBH;female;30;97;33;77;29;2;30.7;12.6;5.1;5
V-99;NA;1;Kvi;92;44;10;DHT;male;75;105;33.4;81;30;1;34.8;12.6;5.3;5
V8-00;NA;1;Lett;92;15;12;SBH;male;35;103;34.1;84;32;1;34.4;13;5.3;5.2
V8-07;NA;1;Lett;92;14;13;MSN;male;35;102;32.8;84;30;2;35.8;13.2;5.2;5.1
V8-08;NA;1;Lett;92;15;15;MSN;male;35;102;34.1;84;32;3;34.3;12.5;5;4.9
V8-10;NA;1;Lett;92;14;17;SBH;male;35;100;34.7;80;30;4;38.8;12.9;5.2;5.1
V8-11;NA;1;Lett;92;12;13;SBH;male;35;103;34;80;31.5;2;34.7;12.1;5.2;5.1
V8-15;NA;1;Lett;92;14;16;SBH;male;35;103;32;86;31;3;33.8;12.9;5.5;5.2
V8-17;NA;1;Lett;92;15;16;MSN;male;35;101;33.8;81;31;2;36.5;12.8;5.1;4.8
V8-20;NA;1;Lett;92;15;12;SBH;male;20;99;33.1;79;30;3;36.8;12.1;5.2;5
V8-22;NA;1;Lett;92;11;13;MSN;male;35;100.5;33.7;82;31.5;3;34.3;12.4;5.3;4.9
V8-44;NA;1;Lett;92;14;13;MSN;male;35;103;33.2;86;32;2;34.3;12.8;4.9;4.8
V8-47;NA;1;Lett;92;12;11;SBH;male;35;103;34.3;84;31;2;35.7;12.3;5.4;5.1
V8-48;NA;1;Lett;92;15;16;MSN;male;35;103;33.9;83;32.5;2;36.3;13.2;5.3;5.1
V8-50;NA;1;Lett;92;14;12;MSN;male;35;99;33.4;80.5;29;2;35.4;12.9;5.3;5.1
V8-52;NA;1;Lett;92;11;16;MSN;male;35;100;32.1;78;30.5;3;34.3;12.7;5;5
V8-55;NA;1;Lett;92;13;11;SBH;male;35;101;33.8;79;31;2;35.5;13;5;5
V8-72;NA;1;Lett;92;12;11;SBH;male;35;102;34.7;83;31;3;36.5;13.2;5.4;5.1
V8-74;NA;1;Lett;92;15;13;SBH;female;35;99;32.9;83;31;4;37.4;12.6;5.2;5.2
V8-79;NA;1;Lett;92;14;11;MSN;male;35;97.5;33.2;81;28;1;33.5;12.3;5.2;5
V8-85;NA;1;Lett;92;12;12;SBH;male;35;101;32.6;80;29.5;2;36;13;5.2;5
V8-88;NA;1;Lett;92;14;10;MSN;male;35;104;34.2;82;29.5;2;34.7;13.6;5.2;5.2
V8-89;NA;1;Lett;92;14;17;SBH;male;35;97;32.8;79;30;2;32.6;12.5;4.9;5
V8-95;NA;1;Lett;92;12;10;SBH;male;35;100;32.9;79;28;2;33.4;13.1;5.2;5.2
V8-98;NA;1;Lett;92;15;15;MSN;male;35;102;33.7;83;31.5;3;36.1;13.2;5.4;5.2
V8-99;NA;1;Lett;92;11;11;SBH;male;35;103;33;81;31.5;2;33.4;12.7;5.6;5
1H-11;NA;1;Seg;92;31;6;SBH;male;35;101;32.8;77;31;2;31.8;12.8;5.1;4.8
1H-22;NA;1;Seg;92;48;11;DHT;female;35;95;32.6;73;95;2;27.9;12.3;4.6;5.2
1H-29;NA;1;Seg;92;31;9;SBH;male;35;106;34.3;83;33;2;35.3;12.5;5.1;5
1H-32;NA;1;Seg;92;33;35;DHT;male;35;104;35.2;84;30.5;1;37.2;12.3;5.3;5
1H-35;NA;1;Seg;92;33;8;DHT;female;35;100;32.6;78;30;2;33.4;12.2;5;5.2
1H-42;NA;1;Seg;92;31;10;SBH;male;35;102;33.2;81;29;1;36.8;12.2;5.2;5
1H-45;NA;1;Seg;92;33;6;DHT;male;35;103;33.1;78;30.5;1;34.4;11.7;5.4;5
1H-59;NA;1;Seg;92;33;8;DHT;male;35;102;33.1;80;29.5;1;34.5;13.1;5.2;5
1H-77;NA;1;Seg;92;33;13;DHT;male;35;102;33.7;81;30.5;2;34.8;12.8;5.3;5
1H-78;NA;1;Seg;92;48;6;DHT;male;35;100;33.1;78;29;0;31.8;11.4;5.3;5.2
2H-8;NA;1;Seg;92;31;6;SBH;male;60;106;33.1;84;33;1;34.9;13.8;5.1;5.1
H7-98;NA;1;Seg;92;57;8;SBH;female;80;99;33.5;75;NA;1;38.3;13.1;5.2;5.2
H9-01;NA;1;Seg;92;57;9;DHT;female;30;97;34.1;75;28;1;30.3;13;5.2;4.8
H9-05;NA;1;Seg;92;57;10;SBH;female;30;97;32.2;74;28;3;34;12.7;5.1;5
1H-14;NA;1;Tys;92;35;6;SBH;male;35;103;34.7;81;29;1;33.7;13;5.1;4.9
1H-18;NA;1;Tys;92;35;7;SBH;male;20;100;34;79;29;1;34.2;13.1;5.1;5
1H-79;NA;1;Tys;92;35;9;SBH;male;35;103;34.1;82;31;1;35;12.7;5.1;5.1
1H-93;NA;1;Tys;92;35;8;SBH;male;35;100;33.7;77;29;1;32.2;13.1;5;4.7
2H-38;NA;1;Kvi;93;48;12;BNN;female;70;98;32.1;77;29;1;29.8;12.2;5.1;5.1
2H-38;NA;2;Kvi;93;72;6;PFD;female;70;98;31.9;NA;NA;0;28.4;NA;NA;NA
H0-01;NA;1;Kvi;93;72;9;PRD;male;30;98;33;NA;NA;2;30.2;NA;NA;NA
H0-09;NA;1;Kvi;93;76;8;PRD;female;30;98;32.1;NA;NA;NA;29.5;NA;NA;NA
H0-27;NA;1;Kvi;93;35;12;SBH;male;30;98;34.6;76;28;2;33.9;12.8;5.1;5
H0-27;NA;2;Kvi;93;45;8;DHT;male;30;98;34.6;76;28.5;0;29.2;NA;NA;NA
H0-27;NA;3;Kvi;93;50;7;BNN;male;30;98;34.7;NA;NA;1;30.2;NA;NA;NA
H0-27;NA;4;Kvi;93;71;10;DHT;male;30;97;34.5;NA;NA;1;31.7;NA;NA;NA
H0-49;NA;1;Kvi;93;48;9;SBH;female;30;94;32.6;70;27.5;2;30.7;12.9;5.1;5.1
H0-52;NA;1;Kvi;93;10;17;BNN;male;30;104;32.9;81;31;1;34.7;12.2;5.1;5
H0-52;NA;2;Kvi;93;35;7;SBH;male;30;103;32.8;NA;NA;1;34.7;NA;NA;NA
H0-77;NA;1;Kvi;93;46;10;DHT;male;30;100;33.9;81;29.5;1;30.9;11.7;5;4.8
H0-81;NA;1;Kvi;93;39;16;AKT;female;30;95;31.1;74;26;2;30.1;12.6;5.1;5.2
H0-92;NA;1;Kvi;93;39;9;DHT;female;30;99;32.6;79;27.5;2;30.8;12.1;4.9;4.9
H1-09;NA;1;Kvi;93;30;8;AKT;female;20;96;31.2;74;26;2;32.1;11.8;4.9;4.9
H1-15;NA;1;Kvi;93;14;20;AKT;male;20;99;35.1;78;28;3;37.8;12.1;5.1;4.8
H1-22;NA;1;Kvi;93;30;11;DHT;female;20;95.3;31.9;75;28.5;2;33.2;12;5.1;5.1
H1-27;NA;1;Kvi;93;54;8;SBH;female;20;94;33.7;72;29;3;35.2;12.8;5;5
H1-51;NA;1;Kvi;93;30;14;DHT;female;20;96;33.7;73;29.5;2;36.4;12.8;5.3;5.2
H1-53;NA;1;Kvi;93;19;11;BNN;male;20;99;33.2;77;28;3;36.7;12.1;5.1;5.2
H1-82;NA;1;Kvi;93;54;6;BNN;female;20;94;33.7;76;26;2;31.9;12.9;5.2;5.1
H1-84;NA;1;Kvi;93;24;6;AKT;male;20;104;33;79;27;1;34.9;12.6;5;5.2
H1-97;NA;1;Kvi;93;28;11;DHT;male;20;99.3;33.8;79;29;1;35.6;12.9;5.4;5
H1-97;NA;2;Kvi;93;56;8;PRD;male;20;98;33.9;NA;NA;1;33.3;NA;NA;NA
H1-97;NA;3;Kvi;93;80;9;PRD;male;20;97;33.9;NA;NA;2;34.2;NA;NA;NA
H1-97;NA;4;Kvi;93;94;6;……N;male;20;98;33.9;NA;NA;0;30.7;NA;NA;NA
H1-98;NA;1;Kvi;93;33;9;SBH;male;20;101;33.6;78;29;3;36;12.3;5.3;5
H5-82;NA;1;Kvi;93;45;10;DHT;female;60;97;33;74;27.5;1;29.6;12.1;5.2;5
H5-89;NA;1;Kvi;93;35;7;BNN;male;60;100;34.8;81;29;2;36.2;12.8;5.2;5.1
H7-00;NA;1;Kvi;93;11;11;DHT;male;35;103;32.9;84;29;2;33.8;11.7;5.2;5
H7-05;NA;1;Kvi;93;28;9;BNN;male;20;105;33.2;81;29;2;34.2;13.2;5.2;5.5
H7-09;NA;1;Kvi;93;36;11;DHT;female;35;97;32;75;27.5;2;31.8;12.8;5;5
H7-11;NA;1;Kvi;93;45;7;DHT;female;45;99;32.3;78;30;0;29.5;12.1;5;5
H7-12;NA;1;Kvi;93;23;8;AKT;male;35;100;32.9;79;26;2;34.5;13.2;5.3;5.2
H7-18;NA;1;Kvi;93;36;10;DHT;male;30;102;32.6;80;29;1;34.6;12;5.1;4.9
H7-19;NA;1;Kvi;93;32;11;AKT;male;25;102;32.9;82;30;2;NA;11.9;5.1;5.1
H7-19;NA;2;Kvi;93;74;8;PFD;male;20;101;NA;NA;NA;1;33.2;NA;NA;NA
H7-3;NA;1;Kvi;93;34;8;BNN;male;80;102;34;78;29;2;33.3;12.2;5.1;4.9
H7-31;NA;1;Kvi;93;49;10;BNN;female;20;94;31.4;74;27;3;33.4;12.2;5.1;5.1
H7-32;NA;1;Kvi;93;28;11;BNN;female;20;95;33.8;75;27;NA;36.7;12.9;5.1;4.9
H7-38;NA;1;Kvi;93;13;8;BNN;male;35;100.5;33.8;79;29;2;36.6;12;5.1;4.9
H7-41;3377753;1;Kvi;93;46;10;DHT;female;45;99;33.9;78;30;0;30.6;12.5;5.1;5.1
H7-43;NA;1;Kvi;93;59;7;BNN;male;35;101;33.3;83;28;2;31.2;12.4;5.3;5.2
H7-51;NA;1;Kvi;93;40;8;SBH;female;20;95;32;NA;NA;2;31;11.1;5;4.9
H7-52;NA;1;Kvi;93;69;10;DHT;female;20;95;30.3;72;28.5;0;27.3;11.3;4.9;5
H7-54;NA;1;Kvi;93;40;9;SBH;female;35;96;32;75;NA;2;32;12.8;5;5.2
H7-73;NA;1;Kvi;93;27;7;AKT;female;35;96;33.4;72;29;3;32.1;13;4.9;5.1
H7-74;NA;1;Kvi;93;65;9;BNN;male;20;99;34.4;77;29;1;32.1;12;5.2;5.1
H7-75;NA;1;Kvi;93;51;8;SBH;female;45;101;33.2;78;29;2;33.2;13.5;5.1;4.9
H7-78;NA;1;Kvi;93;48;12;BNN;male;55;99.5;34.8;79;27.5;1;33.4;12.1;5.3;5.1
H7-80;NA;1;Kvi;93;39;8;AKT;male;45;104;32.2;83;28;2;35.4;13;5.1;5.1
H7-81;NA;1;Kvi;93;35;8;BNN;female;20;94;32.8;77;27;3;35.7;12.3;5.1;5.1
H7-82;NA;1;Kvi;93;47;13;DHT;female;55;100.3;30.9;79;30;2;29.5;12.1;5;4.8
H7-87;NA;1;Kvi;93;37;13;DHT;male;45;100;34;79;29;1;35.3;12.7;5.2;5
H7-88;NA;1;Kvi;93;45;11;DHT;female;35;97.3;32.1;75;29.5;1;30;11.5;5.1;5
H7-90;NA;1;Kvi;93;49;17;DHT;female;35;95.4;32.9;71;28;2;32.4;11.5;5;5.2
H7-92;NA;1;Kvi;93;40;7;AKT;female;35;100;30.9;77;27.5;0;32.7;12;5;5.1
H7-97;NA;1;Kvi;93;38;9;BNN;female;20;96;32.4;77;28;1;35.8;12.2;5.1;5.2
H8-25;NA;1;Kvi;93;29;11;BNN;male;50;99.5;34.2;80;28;2;38.1;13;5.3;5.2
H8-27;NA;1;Kvi;93;59;9;BNN;female;50;97;32.6;77;29;1;30.9;12.2;5;4.9
H8-72;NA;1;Kvi;93;50;9;DHT;male;50;100.6;33.6;81;29;1;33.6;12.8;5.2;5
H8-72;NA;2;Kvi;93;82;6;PRD;male;50;99;33.7;NA;NA;5;35.8;NA;NA;NA
H9-05;NA;1;Kvi;93;73;7;DHT;female;40;97;32;73;26;0;28.8;12;5.1;5
H9-85;NA;1;Kvi;93;50;8;BNN;female;40;96;31.8;76;29;1;30.3;12.2;5;4.9
H9-88;NA;1;Kvi;93;23;8;AKT;male;40;105;33;83;29;1;34.6;12.2;5.1;4.9
H9-94;NA;1;Kvi;93;46;8;BNN;female;40;98;33;79;29;2;32.1;12;5.2;5
V-57;NA;1;Kvi;93;36;11;DHT;male;50;101.3;32.9;80;29;1;33.4;12.2;5.1;4.9
V-59;NA;1;Kvi;93;32;10;AKT;female;60;97;33.5;74;29;1;30.3;13.2;5.1;5.1
V-99;NA;1;Kvi;93;39;14;DHT;male;85;104;33.3;80;31;2;35.5;13.7;5.3;5
1H-03;NA;1;Seg;93;52;9;SBH;female;35;96;31.9;75;30;3;29.7;12;4.9;5.1
1H-17;NA;1;Seg;93;19;9;AKT;female;25;95;32.1;76;28;3;34.9;12.1;5.4;5.1
1H-21;NA;1;Seg;93;22;7;AKT;male;35;99;34;75;28;1;NA;12.8;5.1;5.2
1H-30;NA;1;Seg;93;10;10;DHT;male;35;100;34.5;76;29.5;3;34.9;12.8;5.2;5
1H-30;NA;2;Seg;93;43;10;DHT;male;35;100;34.2;76;30.5;0;32.6;11.9;5.1;5
1H-45;NA;1;Seg;93;49;7;SBH;male;45;102;33;78;31;2;33.9;11.8;5.3;5.1
1H-51;NA;1;Seg;93;45;15;BNN;female;35;99;33.8;77;29;1;31.4;12.8;5.2;5.1
1H-54;NA;1;Seg;93;19;7;AKT;female;25;96;32;75;27;3;33.9;12.3;4.7;5
1H-55;NA;1;Seg;93;24;10;BNN;male;55;103;33.8;83;28;2;36.6;13.4;5.2;5.5
1H-58;NA;1;Seg;93;51;9;BNN;female;35;96;31.7;75;28;2;NA;13.1;5.1;5.1
1H-59;NA;1;Seg;93;17;8;DHT;male;45;102;33.5;81;29.5;2;34.1;13.3;5.5;5
1H-73;NA;1;Seg;93;32;8;DHT;female;35;100;31.7;76;30;2;33.2;12.1;5.2;5.2
1H-83;NA;1;Seg;93;54;9;BNN;male;20;99;33.7;77;27;3;33.9;12.8;5.3;5
1H-84;NA;1;Seg;93;32;10;DHT;female;35;99;30.4;80;30;4;32.7;12.1;5.2;5
1H-85;NA;1;Seg;93;25;9;AKT;female;35;101;33.9;79;29;5;34;12.3;5;5.1
1H-89;NA;1;Seg;93;23;8;DHT;female;35;98;33.2;77;28;3;33.9;13.1;5.2;5.4
1H-90;NA;1;Seg;93;41;9;AKT;male;20;100;32.9;80;29;1;33.4;12.3;5.1;5.1
1H-95;NA;1;Seg;93;17;11;DHT;female;35;94.3;31.9;74;27;3;28.6;11.9;5.2;5
1H-97;NA;1;Seg;93;17;8;DHT;male;35;102.4;32.9;81;31;3;35.8;12;5.3;5
1V-98;NA;1;Seg;93;18;10;BNN;male;75;99.5;33.8;78;30;1;NA;12.8;5.2;5.1
H0-22;NA;1;Seg;93;21;14;DHT;male;30;105;33.6;82;29.5;1;40.8;13;5.5;5.2
H0-22;NA;2;Seg;93;45;15;BNN;male;30;NA;NA;NA;NA;1;33.7;NA;NA;NA
H0-28;NA;1;Seg;93;21;9;BNN;female;30;96;32.8;74;27;3;33.7;12.5;5.2;5.1
H0-28;NA;2;Seg;93;48;10;DHT;female;30;97;32.8;75;27;1;30;12.4;5.3;4.9
H5-99;NA;1;Seg;93;48;9;DHT;male;60;103;33.2;80;30;2;34.1;12.7;5.5;5.3
H7-89;NA;1;Seg;93;25;10;AKT;male;30;102;33.9;81;28;1;32.7;12.9;5.1;5.2
H9-22;NA;1;Seg;93;43;10;DHT;female;40;99;33.5;76;28;3;38.8;11.9;5.1;5
1H-05;NA;1;Tys;93;36;6;SBH;male;35;103;33.5;80;31;1;37.2;13;5.1;5
1V-33;NA;1;Kra;94;25;6;SBH;male;20;101;34.1;77;31;1;34.7;13.2;5.2;4.8
1H-2;NA;1;Kvi;94;30;17;DHT;male;30;100;34.2;78;30;2;35.3;13;5;5.2
1H-5;NA;2;Kvi;94;25;11;;female;35;100;33.4;78;30;3;34.6;12.2;5.3;5.6
1H-5;NA;1;Kvi;94;54;NA;AKT;female;35;100;33.2;77;29;1;30.4;12.2;5.1;5.1
1H-5;NA;3;Kvi;94;66;7;AKT;female;35;99;33.2;76;29.5;2;29.9;11.9;5.1;5.3
H0-27;NA;1;Kvi;94;41;9;SBH;male;35;98.8;34.5;76;30;1;32.6;12.7;5.1;5
H0-49;NA;1;Kvi;94;48;11;AKT;female;40;94;32.6;70;27;2;31.6;13.1;5.2;4.9
H0-52;NA;1;Kvi;94;42;11;BNN;male;40;103;33;80;30;2;32.8;12.1;5.2;5.1
H0-81;NA;1;Kvi;94;11;11;SBH;female;40;95;31.1;74;29;3;30.7;12.8;5.1;5.1
H0-81;NA;2;Kvi;94;44;9;AKT;female;30;94;31.1;74;29;1;28.2;12.8;5.1;5.1
H0-92;NA;1;Kvi;94;11;8;SBH;female;40;100;32.7;77;31;4;31.3;12;5;5
H1-17;NA;1;Kvi;94;27;10;DHT;male;30;102;34.3;79;29;2;35.3;13.4;5.3;5.5
H1-23;NA;1;Kvi;94;49;11;AKT;female;30;97;32.7;76;28;2;32.5;12.1;5.1;5.2
H1-23;NA;2;Kvi;94;91;8;BNN;female;30;98;32.7;74;30;2;29.8;NA;NA;NA
H1-50;NA;1;Kvi;94;11;8;SBH;male;30;101;33.6;81;32;2;32.5;13.1;5.1;5
H1-50;NA;2;Kvi;94;62;9;AKT;male;30;101;33.4;80;29;2;32.9;13;5.2;5.1
H1-51;NA;1;Kvi;94;47;7;SBH;female;30;94.5;33.6;72;28.5;2;35.6;12.8;5.3;5.1
H1-53;NA;1;Kvi;94;36;10;SBH;male;30;100;33.7;77;31;2;36.8;12.5;5.2;5
H1-98;NA;1;Kvi;94;32;12;SBH;male;30;103;33.6;82;30;1;NA;12.4;5.3;4.9
H2-05;NA;1;Kvi;94;30;7;DHT;male;20;101;33.9;79;29;2;33.7;12.3;5.2;5
H2-09;NA;1;Kvi;94;27;13;MHN;female;20;94;33;NA;28;NA;30;12;5;4.9
H2-17;NA;1;Kvi;94;45;6;SBH;female;20;94;32.6;73;27;2;33.4;12.1;5;4.9
H2-25;NA;1;Kvi;94;30;8;SBH;male;20;100;34.9;78;29;1;34;12.1;5.1;5
H2-28;NA;1;Kvi;94;30;8;SBH;male;20;100;33.6;79;29;1;34.8;12.8;5;5
H2-59;NA;1;Kvi;94;22;9;DHT;male;20;100.6;35.45;80;29.5;1;38;14.1;5.5;5.5
H2-99;NA;1;Kvi;94;33;10;DHT;female;20;96;32.75;73;28;1;34.4;12.3;5.1;5
H2-99;NA;2;Kvi;94;62;7;AKT;female;20;95.5;32.9;72;NA;3;30.4;12.2;5;5.2
H5-79;NA;1;Kvi;94;59;9;BNN;female;70;94;32.1;75;28;NA;NA;12.3;NA;NA
H5-89;NA;1;Kvi;94;41;7;SBH;male;35;100;34.8;81;30;1;35.3;12.2;5.1;4.9
H7-00;NA;1;Kvi;94;25;12;DHT;male;35;103;33;83;29;1;33;11.8;5.3;5
H7-00;NA;2;Kvi;94;40;10;SBH;male;35;103;32.9;83;29.5;1;30.8;11.6;5.2;5.1
H7-01;NA;1;Kvi;94;30;10;DHT;male;35;100;33.2;76;30;1;34.3;12.6;5.4;5.2
H7-03;NA;1;Kvi;94;40;6;SBH;female;20;95;30.8;73;30;2;30.8;11.8;4.8;4.8
H7-07;NA;1;Kvi;94;32;11;SBH;female;35;96;33.1;74;29;3;33.4;12.8;5.2;5
H7-08;NA;1;Kvi;94;14;8;SBH;male;35;100;34.7;78;31;1;34.6;12.8;5.1;4.9
H7-11;NA;1;Kvi;94;40;9;SBH;female;35;100;32.3;77;30;3;31;11.9;5;4.8
H7-13;NA;1;Kvi;94;30;12;DHT;male;35;99;33.45;78;29.5;1;34.2;12.1;5.2;4.9
H7-18;NA;1;Kvi;94;47;8;AKT;male;40;102;32.9;79;29;2;35.2;12;5.1;5
H7-19;NA;1;Kvi;94;42;11;SBH;male;35;103;32.9;82;29.5;1;35.8;12;5;5
H7-31;NA;1;Kvi;94;62;9;AKT;female;35;94;31.1;75;28;3;34.7;12.1;5.2;5.3
H7-34;NA;1;Kvi;94;15;17;BHN;male;20;98;34;75;28;2;34.7;11.8;5.5;4.7
H7-38;NA;1;Kvi;94;42;12;SBH;male;35;99.6;33.8;79;29;1;34.5;12;5.2;4.8
H7-38;NA;2;Kvi;94;62;9;AKT;male;35;99;33.6;79;29;3;33.6;12.4;5.3;4.9
H7-40;3395938;1;Kvi;94;28;8;MHN;female;20;93;31.5;NA;27.5;0;30.4;12;4.9;4.9
H7-41;3377753;1;Kvi;94;45;8;SBH;female;35;98;34;76;29;2;32.2;12.3;4.9;5
H7-43;NA;1;Kvi;94;32;12;SBH;male;35;103;33.2;83;30;1;32.7;11.8;5;4.9
H7-52;NA;1;Kvi;94;65;8;BNN;female;30;98;30.8;73;27;1;28.4;12.1;5.1;5.2
H7-54;NA;1;Kvi;94;41;14;BNN;female;35;97;32.1;78;28;1;38.7;12.6;5.3;5.2
H7-74;NA;1;Kvi;94;34;6;SBH;male;30;103;34.8;80;31.5;1;34.2;11.8;5;4.9
H7-74;NA;2;Kvi;94;67;9;BNN;male;30;102;34.4;81;31;0;31.2;11.8;5.1;5
H7-78;NA;1;Kvi;94;39;7;SBH;male;45;98.3;34.9;78;28.5;1;34.7;12.3;5.1;5
H7-79;NA;1;Kvi;94;33;8;DHT;female;35;95;32.55;72;28.5;1;34.7;12.8;5.2;5.2
H7-84;NA;1;Kvi;94;22;7;BNN;male;35;99;34.3;77.5;27.5;1;33.7;13.8;5.3;5.3
H7-93;NA;1;Kvi;94;13;18;BHN;male;35;99;35;77;27;3;35.4;13.8;5.4;4.9
H7-94;NA;1;Kvi;94;44;7;SBH;female;20;94;32.2;73;28;2;30.7;12.9;4.9;4.8
H7-95;NA;1;Kvi;94;48;10;SBH;female;35;97;33.9;75;30;2;34;12.8;5.1;5
H7-97;NA;1;Kvi;94;54;7;LWG;female;NA;97;32.2;76;29;2;31.9;12.3;5.2;5.2
H8-25;NA;1;Kvi;94;28;8;BNN;male;35;100;34.1;77;28.5;1;37.2;13.8;5.2;5.3
H8-72;NA;2;Kvi;94;27;13;DHT;male;35;102.6;33.6;81;29;3;36.8;12.9;5.4;4.9
H8-72;NA;1;Kvi;94;33;8;DHT;male;35;102;33.8;81;29;1;35.8;12.7;5.3;4.9
H8-88;NA;1;Kvi;94;33;10;DHT;male;35;103;33.75;80;29;1;34.1;11.8;5;5.3
H9-22;NA;1;Kvi;94;68;10;AKT;female;50;98;33;73;27.5;1;29.5;12.3;5.2;5.1
H9-85;NA;1;Kvi;94;45;8;LWG;female;50;95;31.4;75;29;2;30.2;12.5;5.1;5
V-57;NA;1;Kvi;94;35;10;SBH;male;35;100.8;32.8;79;29;1;33.4;12;5.1;4.8
V9-73;NA;1;Ess;95;91;9;TAN;male;20;102;NA;73;NA;2;37.4;NA;NA;NA
1H-39;NA;1;Ask;95;32;11;DHT;male;35;100;33.6;81;28.5;1;35.7;12.7;5.2;5.3
1H-48;NA;1;Ask;95;32;9;DHT;male;35;104;35.7;82;31;1;37.3;12.7;5.4;5.2
1H-87;NA;1;Ask;95;32;13;DHT;male;35;100;33.9;77;30;2;35.1;12.2;5;5.1
1V-05;NA;1;Bjo;95;41;11;BNN;male;35;101;34;81;27;1;36.8;NA;NA;NA
1V-18;NA;1;Bjo;95;46;18;……N;female;35;96;31.7;77;NA;2;32.2;12.8;5;4.8
H3-82;NA;1;Bjo;95;46;18;BHN;male;20;101;33.1;81;26;1;35.8;12.7;5.5;5
H7-34;NA;1;Bjo;95;46;19;BNN;male;30;99.5;33.8;77;29;1;34.6;12.2;5.2;5.1
1H-53;NA;1;Kvi;95;22;10;BNN;male;NA;106;32.9;81;29.5;1;36.7;12.2;5.3;5.1
2H-97;3395918;1;Kvi;95;61;8;BNN;female;30;96;32.1;75;28;1;29.1;12.7;5;5.2
H0-27;NA;1;Kvi;95;46;9;BHN;male;35;98;34.4;78;27;0;31.4;11.8;5.1;5.1
H0-49;NA;1;Kvi;95;87;6;JSD;female;50;95;32.9;NA;NA;3;32;NA;NA;NA
H0-81;NA;1;Kvi;95;45;8;BHN;female;40;95;31.2;74;26.5;1;29.3;12.5;5.2;5.2
H1-19;NA;1;Kvi;95;37;10;BHN;male;40;102;35;80;29;1;36.2;11.9;5.2;5
H1-23;NA;1;Kvi;95;29;11;BHN;female;35;98;32.8;78;NA;1;34;11.5;5;4.6
H1-24;NA;1;Kvi;95;47;9;……N;female;30;98;34.1;73;NA;3;35.3;12.1;5.2;5.4
H1-50;NA;1;Kvi;95;44;12;BNN;male;40;101.5;33.4;78;29;0;NA;13.1;5.1;5.2
H1-51;NA;1;Kvi;95;54;5;PRD;female;35;95;33.6;NA;29;2;31.6;13;5.2;5.7
H2-03;NA;1;Kvi;95;54;6;……N;female;30;96;33.2;77;27;1;32.8;12.9;5.2;5.1
H2-03;NA;2;Kvi;95;74;7;……N;female;30;96;33.2;76;26;2;NA;NA;NA;NA
H2-03;NA;2;Kvi;95;76;6;……N;female;30;97;33.2;76;26;3;30;13;5.1;5.1
H2-03;NA;2;Kvi;95;84;6;TAN;female;35;97;33.1;NA;NA;1;NA;NA;5.7;6.2
H2-09;NA;1;Kvi;95;51;NA;BNN;female;30;94.5;32.9;72;27;3;31.7;12.3;5;5.1
H2-09;NA;2;Kvi;95;54;NA;BNN;female;30;94;33.1;74;26;1;NA;12.3;4.9;5.1
H2-17;NA;1;Kvi;95;58;12;DHT;female;30;97;32.9;77;27.5;3;32.8;NA;NA;NA
H2-25;NA;1;Kvi;95;58;12;BNN;male;30;101.5;35;80;28;1;33.1;12.8;5.3;5.1
H2-28;NA;1;Kvi;95;27;11;BHN;male;35;101;34;81;NA;1;34.7;11.7;5;4.9
H2-28;NA;2;Kvi;95;37;9;……N;male;30;101;34;81;32;1;35.3;NA;5.1;5.2
H2-33;NA;1;Kvi;95;23;7;BHN;female;30;99;32.5;NA;NA;1;33.5;12.5;5;5
H2-38;NA;1;Kvi;95;24;9;BNN;female;30;97.5;31.9;75;27;1;32.2;12.3;5.1;5.2
H2-38;NA;2;Kvi;95;73;9;LRG;female;30;95;31.9;74;26;1;29.5;12.8;5.1;5.1
H2-59;NA;1;Kvi;95;63;9;……N;male;30;100;35.5;85;28;1;38.5;13.8;5.5;5.7
H2-78;NA;1;Kvi;95;26;19;DHT;female;30;96.3;34.4;74;28;3;34.1;12.2;5.2;5
H2-99;NA;1;Kvi;95;61;6;BHN;female;30;96;33.1;73;27;1;29.2;11.7;5;5
H3-15;NA;1;Kvi;95;60;9;BNN;female;20;96.5;31.1;76;26;3;33.9;11.9;4.9;4.9
H3-24;NA;1;Kvi;95;65;6;……N;female;20;93;32.4;71;NA;1;NA;13.1;5.2;5.3
H3-29;NA;1;Kvi;95;34;17;DHT;female;20;95;31.8;76;NA;1;33.6;12.1;4.8;5.1
H3-29;NA;2;Kvi;95;97;6;JSD;female;35;95;31.6;72;NA;NA;NA;NA;NA;NA
H3-37;NA;1;Kvi;95;37;9;……N;female;20;90;32.9;71;28;2;33.1;NA;4.9;5.1
H3-37;NA;2;Kvi;95;65;6;LRG;female;20;90;32.6;68;NA;1;30.4;NA;5;5.1
H3-41;NA;1;Kvi;95;39;20;BHN;female;20;93;32.5;72;25;1;35.5;12;5;5
H3-41;NA;2;Kvi;95;72;5;……N;female;20;92;33.1;72;25;3;29.1;12.1;5.1;5.1
H3-55;NA;1;Kvi;95;36;17;DHT;male;20;99;33.3;79;28;0;33.8;12.3;5.3;5.3
H3-70;NA;1;Kvi;95;24;10;BNN;male;20;98;33.9;76;NA;1;35.1;12.1;5;5
H5-79;NA;1;Kvi;95;61;10;……N;female;45;96;32.3;79;31;2;34.8;12.2;5.2;5.1
H7-00;NA;1;Kvi;95;24;9;BNN;male;35;103;32.8;84;28;1;31.4;11.9;5.1;5
H7-02;NA;1;Kvi;95;36;19;DHT;male;20;99;29;75;33.9;1;31.4;12.2;5.3;4.9
H7-02;NA;2;Kvi;95;39;19;DHT;male;20;98;33.9;75;28.5;1;31.6;NA;NA;NA
H7-02;NA;2;Kvi;95;63;6;PJN;male;20;97;33.9;77.5;29;2;30.3;12;5.1;4.9
H7-03;NA;1;Kvi;95;52;9;BNN;female;30;96;30.9;81;29;2;31.5;11.9;4.8;5
H7-04;NA;1;Kvi;95;25;11;BNN;female;35;97;32.3;75;28;2;36.1;11.8;5.1;4.9
H7-14;NA;1;Kvi;95;60;6;……N;female;20;92;32;71;27;1;34.3;11.3;5;4.9
H7-33;NA;1;Kvi;95;24;14;BNN;male;20;100;32.9;80;27;3;32.8;12.8;5.1;5.2
H7-41;3377753;1;Kvi;95;48;8;BNN;female;65;99.8;33.9;79;29;1;31.6;13.2;5;5.1
H7-43;NA;1;Kvi;95;59;9;BHN;male;45;103;33.8;81;29;0;32.6;12.1;5.1;5
H7-43;NA;2;Kvi;95;84;6;TAN;male;35;103;33.9;NA;NA;1;30.4;NA;NA;NA
H7-49;NA;1;Kvi;95;34;7;DHT;female;30;95.2;32;74;28;4;32.4;12.4;5.1;5.3
H7-50;NA;1;Kvi;95;37;7;BHN;male;20;98;33.8;75;28;1;35;12.7;5.2;4.9
H7-52;NA;1;Kvi;95;58;13;DHT;female;35;96.7;31.3;75;28.5;3;29;NA;NA;NA
H7-74;NA;1;Kvi;95;38;14;DHT;male;35;104;34.6;82;30.5;1;34.6;11.6;5.2;5
H7-79;NA;1;Kvi;95;51;18;……N;female;35;96;32.5;74;30;1;30.7;13.1;5.3;5.2
H7-91;NA;1;Kvi;95;22;11;BNN;male;20;101;32.7;76;28.5;2;NA;NA;NA;NA
H7-97;NA;1;Kvi;95;40;10;DHT;female;35;97.7;32.5;78;29;3;35.7;12.7;5.3;5.4
H9-22;NA;1;Kvi;95;52;9;……N;female;45;98;33.4;75;28;1;37;12.2;5.2;5
H9-85;NA;1;Kvi;95;59;8;DHT;female;45;96;31.8;75;30;2;33.1;12.2;5.2;5
H9-85;NA;2;Kvi;95;64;7;PJN;female;60;96;31.2;NA;NA;1;32.7;12.2;5.1;5
V-57;NA;1;Kvi;95;61;8;BHN;male;70;101;33;80;28;0;32.4;12.1;5.1;4.8
V-59;NA;1;Kvi;95;42;11;BNN;female;80;97;33.8;72.5;29;1;30.4;13.3;5.2;5.2
V9-08;NA;1;Kvi;95;45;11;BNN;male;20;98;34.2;75;28;1;33.7;13.1;5.2;5.1
V9-17;NA;1;Kvi;95;56;10;BNN;female;30;94.5;31.9;72;25;3;33.8;12.7;5.1;5.1
V9-18;NA;1;Kvi;95;46;8;……N;female;20;95;32.9;NA;27;1;32.2;12.1;5.2;5
V9-29;NA;1;Kvi;95;36;7;DHT;female;35;96.3;32.3;74;28.5;1;34.8;12.9;5.3;5.3
V9-32;NA;1;Kvi;95;39;19;DHT;female;20;96.3;32.3;74;27.5;3;36.2;12.7;5.3;5.1
V9-51;NA;1;Kvi;95;28;8;BHN;male;20;101;33.2;82;1;32.2;32.2;11.3;5.1;4.9
V9-79;NA;1;Kvi;95;49;8;……N;female;35;96;33.7;74;30;1;32;13;5;5.2
V9-79;NA;2;Kvi;95;63;15;……N;female;35;96;33.2;75;29;1;35.6;12.8;4.9;5
V9-87;NA;1;Kvi;95;33;7;BHN;female;30;97;32.5;79;26;1;35;13;4.9;4.9
V9-99;NA;1;Kvi;95;23;15;DHT;male;20;98.6;33.3;75;28;3;35.2;NA;NA;NA
V9-99;NA;2;Kvi;95;59;10;……N;male;20;98.5;33.3;75;29;1;35.4;12.1;5.2;5.4
1H-00;NA;1;Seg;95;29;13;BNN;female;30;97;33;75;28.5;NA;33.2;12.8;5;5.1
1H-03;NA;1;Seg;95;57;12;……N;female;35;95.5;32.2;76;28;2;29.1;12;5.1;5.2
1H-08;NA;1;Seg;95;55;9;……N;female;20;95;33;76;27;2;30.2;12.8;5;5.2
1H-17;NA;1;Seg;95;65;8;BNN;female;45;96;NA;76;28;3;31.1;12.9;5.3;5.2
1H-21;NA;1;Seg;95;64;8;……N;male;55;100;34.1;78;29;1;33.2;12;5.2;5
1H-24;NA;1;Seg;95;34;10;BHN;male;40;101;33.2;78.5;NA;0;33;12.9;4.9;4.9
1H-25b;NA;1;Seg;95;55;13;……N;female;35;98.5;32;80;29;2;30.8;11.8;5;5.2
1H-31;NA;1;Seg;95;48;10;……N;female;35;96;32.2;74;31;3;32.9;12.3;5.1;5
1H-45;NA;1;Seg;95;58;8;BHN;male;35;102.2;33.2;80;27;0;34.3;11.3;5.2;4.8
1H-55;NA;1;Seg;95;46;8;BNN;male;75;102;34;83;29;1;34.8;13.3;5.1;5.2
1H-70;NA;1;Seg;95;42;11;BHN;male;20;101;34.8;81;28;1;37.8;12.9;5.3;5.1
1H-73;NA;1;Seg;95;57;7;……N;female;35;98;32;76;28;2;29.8;12.2;5.2;5.2
1H-74;NA;1;Seg;95;67;17;……N;female;20;97;32;75;29;2;33.1;12.6;5.1;4.9
1H-90;NA;1;Seg;95;58;7;BHN;male;35;100.2;32.9;80;26.5;1;34.4;12.2;5.1;5
1H-91;NA;1;Seg;95;27;7;DHT;female;20;99;33.2;74;30;3;NA;12.3;5;5
1H-91;NA;2;Seg;95;64;7;……N;female;20;98.5;33.1;NA;29;2;30.8;12.2;5;5.1
1H-95;NA;1;Seg;95;57;14;……N;female;35;94;32.2;74;27.5;1;NA;11.9;5.3;5.1
1H-98;NA;1;Seg;95;48;8;……N;male;35;99;34.3;NA;NA;2;34.2;13.1;5.2;5.2
2H-29;NA;1;Seg;95;38;8;BHN;female;30;94;31.9;73;27;2;33.3;11.9;5.1;4.9
H0-28;NA;1;Seg;95;46;9;BNN;female;50;97;32.7;77;27;NA;32.8;12.5;5.2;5.1
H2-71;NA;1;Seg;95;24;18;DHT;female;30;99;32;77;29;4;NA;12.3;5.2;5
H3-11;NA;1;Seg;95;30;11;BHN;male;20;99;34;NA;29;1;35;12.8;5.1;5
H3-24;NA;1;Seg;95;58;11;……N;female;20;93;32.3;NA;NA;3;33.7;13;5.3;5
H7-05;NA;1;Seg;95;29;13;BNN;male;40;104;33.1;83;31;0;34.2;13.1;5.1;5.2
H7-58;NA;1;Seg;95;58;12;……N;male;35;99.5;33;80;28;1;34.8;13.3;5.2;5.2
H8-9;NA;1;Seg;95;24;20;DHT;female;35;99;33.3;76;30.5;3;34.8;12.6;5;5.1
H2-91;NA;1;Ven;95;52;19;BNN;male;30;100.5;33.4;82;28;1;32.7;12.4;4.8;5
2H-97;3395918;1;Kvi;96;40;7;SBH;female;40;95;32.15;75;29;3;32.5;11.8;4.8;4.9
4H-71;NA;1;Kvi;96;31;7;SBH;female;20;97;31.75;74;29;3;35;12.5;5;5.2
4H-71;NA;2;Kvi;96;86;9;TSN;female;20;95;31.9;75;28;3;31.6;12.8;5;5.1
H0-27;NA;1;Kvi;96;64;8;BNN;male;60;99;34.6;77;27;1;31.1;13;5;5.1
H1-17;NA;1;Kvi;96;51;10;BHN;male;50;103;34.15;81;32;1;33.2;12.4;5.1;5.1
H1-17;NA;2;Kvi;96;60;11;……N;male;50;103;34.2;81;31;1;33.1;11.9;5.2;5.3
H1-23;NA;1;Kvi;96;51;10;BHN;female;50;97;32.5;77;26;0;31.2;11.9;5.1;5
H1-24;NA;1;Kvi;96;54;7;BNN;female;50;98.5;33.9;75;30;2;31.1;12.9;5;5.1
H1-51;NA;1;Kvi;96;57;12;BNN;female;50;96;33.55;77;30;2;30.7;12.8;5.3;5.2
H2-05;NA;1;Kvi;96;55;8;SBH;male;40;102.5;33.8;81;30;1;34.2;12;5.1;5
H2-09;NA;1;Kvi;96;55;11;SBH;female;40;95;33.15;72;28;2;32.2;12;5;4.8
H2-09;NA;2;Kvi;96;86;6;TSN;female;40;94;33.1;76;27;4;34.8;12.3;4.9;4.9
H2-28;NA;1;Kvi;96;61;9;……N;male;40;101;33.6;79;28;2;35.6;12.6;5.1;5.1
H2-59;NA;1;Kvi;96;64;16;BHN;male;40;101;35.5;83;27;2;38.3;13.8;5.4;5.4
H3-00;3395950;1;Kvi;96;11;8;BHN;male;30;99;34;75;27;1;34.4;12.7;5.2;4.8
H3-01;NA;1;Kvi;96;90;11;PPN;NA;30;99;33.5;76;32;3;33;12.5;5.2;4.9
H3-29;NA;1;Kvi;96;72;6;TSN;female;30;95;31.3;74;29;2;NA;12.5;5;4.6
H3-90;3402149;1;Kvi;96;51;9;SBH;female;30;98;33.1;76;30;2;34.2;11.2;5;5.2
H4-05;NA;1;Kvi;96;61;6;SBH;female;20;97;31.8;73;30;2;NA;12.3;5;4.9
H4-11;NA;1;Kvi;96;45;13;……N;male;20;96;34.1;70;28;1;33.7;13.2;5.6;5.1
H4-18;NA;1;Kvi;96;86;11;TSN;female;20;97;34.45;78;NA;NA;37.6;12.2;5.1;4.9
H4-34;3423511;1;Kvi;96;67;NA;BNN;female;20;94;31.7;73;28;3;30.3;12.6;5.1;5.2
H4-57;3423518;1;Kvi;96;83;9;TSN;NA;20;98;34.2;NA;NA;2;32.3;12.9;5.1;4.8
H4-78;NA;1;Kvi;96;40;10;BNN;female;20;96;32.7;71;29;2;33.2;12.9;5.1;5.2
H4-78;NA;2;Kvi;96;55;11;TSN;female;20;96;32.05;71;NA;5;30.6;12.1;5.2;5.1
H4-78;NA;3;Kvi;96;61;6;MSR;female;20;95;32.1;NA;28;NA;29.2;12.2;4.9;4.8
H4-82;3423630;2;Kvi;96;60;4;MSR;female;20;95;31.95;NA;27;2;29.9;11;4.8;5.2
H4-82;3423630;1;Kvi;96;64;17;BNN;female;20;95.5;32.1;72;27.5;1;33.1;11.6;4.9;5.2
H5-79;NA;1;Kvi;96;60;11;BNN;female;90;97;31.95;76;29;2;30.3;12.9;5.1;5.1
H7-00;NA;1;Kvi;96;38;10;BNN;male;65;102;27.4;73;28;1;32.9;12.1;5.2;5.1
H7-04;NA;1;Kvi;96;51;8;……N;female;45;96;32.25;72;28;0;32.5;11.8;5;4.8
H7-14;NA;1;Kvi;96;55;12;SBH;female;30;92;31.3;70;27.5;2;29.5;11.2;5;4.8
H7-31;NA;1;Kvi;96;73;10;BHN;female;35;95;31.15;74;28;0;27.7;12.1;5.2;5
H7-41;3377753;1;Kvi;96;52;7;BNN;female;75;99;34.05;76;29;1;30.4;13.2;5.1;5.3
H7-43;NA;1;Kvi;96;40;9;BNN;male;65;104;33.55;81;29;1;33.2;12.7;5.3;5.2
H7-52;NA;1;Kvi;96;51;7;……N;female;50;96;30.6;73;30;2;26.5;11.9;5;5
H9-22;NA;1;Kvi;96;57;12;……N;female;70;97;33.95;74;28;1;31.5;12.3;5.4;5.1
V9-04;3423795;1;Kvi;96;73;7;BHN;female;30;99;32.05;76;27;2;NA;12.1;5.1;4.6
V9-05;NA;2;Kvi;96;61;6;MSR;female;25;94;32.05;NA;27;3;31.7;12.2;5;5
V9-05;NA;1;Kvi;96;83;12;TSN;female;25;95;32.05;76;31;4;33.2;12.2;4.8;5
V9-08;NA;1;Kvi;96;40;11;SBH;male;30;99;33.95;NA;30;2;35.8;12.2;5.1;5
V9-09;NA;1;Kvi;96;34;7;SBH;female;35;96;32.6;75;27;2;30;12.9;5.1;4.9
V9-13;NA;1;Kvi;96;26;7;BNN;male;35;103.5;33.75;80.5;29;2;34.4;13.3;5.1;5
V9-21;NA;1;Kvi;96;83;10;TSN;NA;35;100;34;76;31;2;32.6;12.1;5.1;4.6
V9-22;NA;1;Kvi;96;74;7;BNN;female;35;95;31.4;73;27;4;30.8;13.1;5.3;5.2
V9-27;3423531;1;Kvi;96;30;18;BNN;female;20;93;31.9;71;26;3;32.5;12.3;4.8;4.9
V9-27;3423531;2;Kvi;96;83;8;TSN;female;20;92;31.45;72;27;1;NA;NA;NA;NA
V9-29;NA;1;Kvi;96;49;10;……N;female;45;97;32.6;76;28;2;30.7;13;5.1;5.6
V9-35;NA;2;Kvi;96;30;9;HWL;male;35;101;33.25;73;30;2;34;12.5;5.5;5.1
V9-35;NA;1;Kvi;96;37;8;SBH;male;35;102;33.25;78;30;2;36.3;12.2;5.1;4.8
V9-37;NA;1;Kvi;96;41;11;……N;female;20;96;32.7;76;28;1;36.7;12.2;NA;NA
V9-39;NA;1;Kvi;96;93;7;TSN;female;35;NA;33.85;82;30;5;39.2;12.6;5.8;5.2
V9-41;3423535;1;Kvi;96;39;10;……N;female;30;100;32.4;75;26;1;31.8;12;5.2;4.9
V9-41;3423535;2;Kvi;96;67;9;PRD;female;25;99;32.2;71;29;3;29.3;12.3;5;4.6
V9-44;NA;1;Kvi;96;73;9;TSN;female;20;99;34.1;78;29;3;34.7;12.3;5.1;5.1
V9-48;3423743;1;Kvi;96;30;18;SBH;female;35;97;33.2;75;27;4;32.1;12.2;5.1;4.9
V9-50;NA;1;Kvi;96;29;8;SBH;male;35;97;32.1;73;28;2;31.9;12.7;5.1;5
V9-55;NA;1;Kvi;96;34;11;SBH;male;35;101;33.2;77;28;1;32.8;12.7;5.1;5.1
V9-55;NA;2;Kvi;96;60;11;……N;male;35;101.5;33.1;79;28;1;34.9;12.8;5;5.2
V9-72;NA;1;Kvi;96;40;9;SBH;male;35;101.4;33.95;78;31;1;NA;12.2;5.2;4.9
V9-73;NA;2;Kvi;96;22;28;BHN;male;30;103;35.65;76;31;0;37;12.4;5.6;5.4
V9-73;NA;1;Kvi;96;40;7;BNN;male;30;103;35.5;81;29;1;37.7;12.9;5.3;5.2
V9-79;NA;1;Kvi;96;64;8;BNN;female;35;97;33.65;75;28.5;2;32.3;13.2;4.9;5.1
V9-85;NA;1;Kvi;96;60;12;……N;male;35;99;33.45;79;29;1;33.6;13;5.1;5.3
V9-92;NA;1;Kvi;96;36;8;SBH;female;35;95;33.1;72;26;2;34.6;12.2;4.9;5
V9-98;NA;1;Kvi;96;41;9;BHN;female;20;93;32.5;72;25;0;35.1;11.8;5;5
V9-99;NA;1;Kvi;96;49;10;……N;male;30;100;33.25;78;29;1;34.7;12.2;5.2;5.3
1H-00;NA;1;Seg;96;54;7;SBH;female;45;96;32.8;74;30;2;30.8;12.9;5;5
1H-05;NA;1;Seg;96;47;18;BHN;female;25;97;32.45;74;27;0;36.9;12.9;5.4;5.5
1H-09;NA;1;Seg;96;43;12;……N;female;20;94;31.65;74;28;1;38.6;12;5;5.1
1H-17;NA;1;Seg;96;58;8;SBH;female;55;96;31.95;74;30;3;31.9;11.9;5.4;5.1
1H-24;NA;1;Seg;96;56;13;……N;male;40;101;34.05;78;30;2;33.1;13;5;4.9
1H-25;NA;1;Seg;96;55;9;BNN;female;45;98;32.05;77;29;1;NA;12.8;5.1;5
1H-31;NA;1;Seg;96;55;8;BNN;female;30;99;31.9;74;29;1;29.8;12.6;5.1;5.1
1H-34;NA;1;Seg;96;61;11;BNN;female;80;97;32.85;74;28.5;1;36.4;12.9;5.3;5.2
1H-37;NA;1;Seg;96;24;9;BHN;male;35;98;34.6;75;27;0;34.6;12.6;5.3;5
1H-40;NA;1;Seg;96;59;12;……N;female;35;97;33.6;72;29;1;10.6;12.9;5;5.2
1H-43;NA;1;Seg;96;16;12;SBH;male;35;100;33.75;82;29;2;35.9;12.9;5.3;4.9
1H-45;NA;1;Seg;96;56;10;……N;male;75;103;33.5;79;29;1;34.9;12.1;5.6;4.8
1H-50;NA;1;Seg;96;34;10;BNN;male;35;103;33;82;30;2;NA;13.9;5;5.2
1H-80;NA;1;Seg;96;24;8;BHN;male;30;104;34;79;29;0;34.3;12.8;5.3;5.4
1H-81;NA;1;Seg;96;34;9;BNN;male;20;101;34.65;78;29.5;1;NA;12.8;5.1;5.2
1H-81;NA;2;Seg;96;43;12;……N;male;20;100;34.75;78;30;1;33.8;11.9;5;5.1
1H-89;NA;1;Seg;96;46;13;……N;female;65;98;33.5;76;28;1;31.2;14;5.4;5.2
1H-9;NA;1;Seg;96;31;8;BNN;male;20;100;32.75;79;29;2;35.8;12.2;5.1;5
1H-91;NA;1;Seg;96;52;8;SBH;female;35;98;33;74;30.5;1;31.2;12.1;4.9;5
1H-92;NA;1;Seg;96;39;9;SBH;male;35;101;32.9;80;28;1;34;12.7;5.1;4.9
2H-25;NA;1;Seg;96;65;9;BHN;female;35;97;32.55;74;28;1;35.7;12;5.1;5
4H-54;3402190;1;Seg;96;48;11;……N;male;20;102;32.8;78;31;1;NA;11.7;5.4;5.1
H2-38;NA;1;Seg;96;54;9;SBH;female;40;97;31.75;74;29;2;31.6;11.9;4.9;5
H3-11;NA;1;Seg;96;40;8;……N;male;30;101;33.95;80;30;1;NA;13.1;5.2;4.9
H3-98;NA;1;Seg;96;39;6;SBH;female;30;94;31.1;72;26;2;NA;12.8;5;4.8
H7-58;NA;1;Seg;96;48;8;……N;male;85;102;32.95;80;30;1;NA;13.3;5;4.8
H7-75;NA;1;Seg;96;61;9;BNN;female;75;102;33.1;83;29;3;30.7;13.2;5.2;5.2
V9-00;3423682;1;Seg;96;61;9;BNN;male;20;98.5;34.8;NA;29.5;1;37.2;14.2;5.2;5.1
V9-81;NA;1;Seg;96;58;10;SBH;female;35;99;33.2;75;31;3;31.3;11.9;5;5
1H-02;NA;1;Seg;97;21;11;BHN;male;20;101;34.7;82;29;1;34.8;11.8;5.4;5.1
1H-02;NA;2;Seg;97;31;6;……N;male;20;101;34.6;80;29;2;35.1;11.8;5;4.9
1H-02;NA;2;Seg;97;47;7;……N;male;20;100;34.4;79;28;1;33.3;12.3;5;5
1H-05;NA;1;Seg;97;36;10;……N;female;35;96;31.9;73;28;2;36.4;12;5.2;4.9
1H-07;NA;1;Seg;97;56;7;BHN;male;20;100;34.6;79;29;0;32;12.1;5.1;5.1
1H-20;NA;1;Seg;97;56;7;BHN;female;30;97;31.6;79;30;0;33.8;12.8;5.1;5.2
1H-41;NA;1;Seg;97;28;7;BHN;male;20;97;32.75;76;29;1;33.4;13;5.1;5.2
1H-41;NA;2;Seg;97;39;20;……N;male;20;97;32.4;76;28;1;35.2;13.1;5;5.2
1H-45;NA;1;Seg;97;23;10;DHT;male;85;103.3;33.45;79;30;1;34.9;12.2;5.7;5.3
1H-71;NA;1;Seg;97;51;6;……N;female;20;96;32.9;71;28;1;36;11.6;5.1;5
1H-91;NA;1;Kvi;97;16;7;BNN;female;40;100;33.15;75;30;2;NA;12.4;5;5.1
1H-94;3431725;1;Seg;97;21;12;BHN;male;30;98;33.85;76;27;1;33.7;13;5.5;5.2
2H-25;NA;1;Kvi;97;56;15;……N;female;50;97;32.5;74;29;1;30.6;11.8;5;5.2
2H-97;3395918;1;Kvi;97;30;19;……N;female;50;98;32.35;74;30;3;33.2;12;4.5;5.4
4H-01;NA;1;Kvi;97;21;9;……N;male;30;101.5;33.7;79;30;2;34.6;12;5;4.8
4H-25;NA;1;Kvi;97;65;6;SBH;male;30;102;33.3;78;32;1;31.7;12.2;5;4.9
4H-54;3402190;1;Seg;97;27;12;……N;male;30;104;33;79;33;2;34.3;12.2;5.8;5.1
4H-54;3402190;2;Seg;97;36;13;……N;male;30;104;33.55;80;33;1;33.2;11.9;5.5;5.1
5H-00;NA;1;Seg;97;48;6;SBH;female;20;97;33.2;75;29;3;30.4;12.9;5;5
5H-19;3423678;1;Kvi;97;22;8;……N;male;20;96.5;31.7;74;27;1;33;12.1;4.9;4.7
5H-19;3423678;2;Kvi;97;97;8;……N;male;20;96;31.75;74;26;5;36.7;13;5.1;5.2
5H-55;NA;1;Seg;97;17;8;BNN;male;20;97;31.4;72;27.5;1;31.5;12.4;5;5.1
H0-27;NA;1;Kvi;97;33;6;DHT;male;70;98.6;34.35;77;28;0;NA;12.3;5.1;5
H0-27;NA;2;Kvi;97;44;22;……N;male;70;98;34.15;76;28;1;35.5;12.3;5.1;4.9
H1-17;NA;1;Kvi;97;24;11;BHN;male;60;103;34.6;79;29;1;34.6;12.8;5.2;4.9
H1-17;NA;2;Kvi;97;34;7;……N;male;60;103;34.4;79;28;1;33.7;12.6;5.4;5.2
H1-23;NA;1;Kvi;97;49;11;……N;female;60;98;32.8;NA;28;2;30;11.9;5.3;5
H1-51;NA;1;Kvi;97;46;10;BNN;female;60;97;33.85;NA;29;1;NA;12.7;5.4;5.3
H1-51;NA;2;Kvi;97;99;10;JSD;female;60;96;NA;74;NA;2;32.1;NA;NA;NA
H2-28;NA;1;Kvi;97;46;10;BNN;male;50;101;34;NA;28;0;NA;12.9;5.3;5.4
H2-28;NA;1;Kvi;97;55;21;……N;male;50;101;33.7;78;27;2;36.2;12;5;5.1
H2-38;NA;1;Kvi;97;14;10;BHN;female;50;97;31.8;72;29;0;30.5;11.7;5;5
H2-38;NA;2;Seg;97;46;6;BHN;female;50;97;31.95;74;30;2;33.5;12.2;5.1;5.1
H3-00;3395950;1;Kvi;97;26;10;BNN;male;40;98.5;34.15;79;28;1;32.1;12.8;5;5.1
H3-00;3395950;2;Kvi;97;35;19;……N;male;40;98;34;76;28;3;34.6;12.1;5.2;4.9
H3-25;3402126;1;Seg;97;23;10;DHT;female;40;96.2;NA;73;29;3;30;11.6;5.2;5.1
H3-29;NA;1;Kvi;97;54;9;BHN;female;40;95;31.4;72;29;0;28.2;12.6;5.1;5
H3-90;3402149;1;Kvi;97;42;6;……N;female;40;100;33.1;70;30;2;35.3;11;5;5.1
H3-98;NA;1;Kvi;97;24;7;BHN;female;40;94;31.55;71;26;3;31.6;13;5.1;5
H3-98;NA;2;Seg;97;27;14;……N;female;40;94;31.4;72;26;5;33.5;13;5.2;4.6
H4-18;NA;1;Kvi;97;25;7;BHN;male;30;101;34.8;76;28;0;34.3;13;5.2;5.1
H4-18;NA;2;Kvi;97;34;9;……N;male;30;100;34.7;78;28;1;36.2;11.9;5.1;5.2
H4-34;3423511;1;Kvi;97;37;7;……N;female;30;96;31.75;73;27;1;36.5;11.9;5.9;5
H4-57;3423518;1;Kvi;97;20;7;……N;male;30;101;34.35;83;28;1;33.6;12.2;5;5
H4-57;3423518;2;Kvi;97;30;7;……N;male;30;101;34.15;81;29;1;33.1;12.5;5.1;4.8
H5-00;3423793;1;Kvi;97;73;7;MSR;male;20;97;33.3;77;28;1;32.5;13.2;5.1;5.1
H5-01;3423696;1;Kvi;97;54;20;……N;male;20;98;33.05;76;29;3;34.2;12.9;5;5.1
H5-01;3423696;2;Kvi;97;79;8;TSN;male;20;98;33.2;75;28;1;30.7;12.2;5.1;5
H5-03;NA;1;Kvi;97;50;8;SBH;female;20;97;NA;74;29;2;36;12.4;5;4.9
H5-03;NA;2;Kvi;97;88;8;PRD;female;20;96;34.4;NA;NA;2;31.6;12.7;5;5.1
H5-05;3423783;1;Seg;97;38;21;……N;male;20;101;34;75;30;2;34.4;12.4;5.1;4.7
H5-08;NA;1;Kvi;97;33;7;BNN;female;20;97;NA;73;27.5;0;30.6;12.6;5.2;5.3
H5-13;NA;1;Kvi;97;39;7;BNN;female;20;97;34.5;74;27.5;1;36.4;13.2;5.1;5.2
H5-21;NA;1;Seg;97;47;7;……N;female;20;95;32.05;75;28;1;35.2;12;4.9;5.1
H5-21;NA;2;Kvi;97;76;5;MSR;female;20;94;32.15;NA;NA;1;32.1;NA;NA;NA
H5-24;NA;1;Kvi;97;23;10;BNN;male;20;98;33.5;NA;27;1;32.2;12.2;5.1;5.1
H5-30;3423551;1;Kvi;97;44;5;BHN;male;20;100;33.75;77;30;1;33.5;11.1;5.2;4.9
H5-30;3423551;2;Kvi;97;49;10;……N;male;20;100;33.7;76;28;1;NA;10.6;5.4;4.9
H5-32;NA;1;Kvi;97;62;7;SBH;female;20;96;33.25;72;30;2;34.2;12.2;4.9;5
H5-35;NA;1;Kvi;97;44;10;BNN;female;20;97;31.7;74;27;1;NA;12.6;5.1;5.1
H5-38;3431718;1;Kvi;97;20;11;BNN;male;20;99.5;33.15;77;28;0;30.2;11.8;5.1;5
H5-38;3431718;2;Kvi;97;30;7;DHT;male;20;99.8;32.95;79;29.5;0;30.6;11.4;5.2;4.8
H5-38;3431718;2;Kvi;97;38;6;……N;male;20;99;32.9;76;29;1;30.9;12.1;5.1;4.8
H5-38;3431718;2;Kvi;97;88;7;TSN;male;20;99;33.1;79;29;1;31.4;12.8;5.1;5
H5-45;3431702;1;Kvi;97;21;8;……N;male;20;100;32.7;80;27.5;1;34.3;13.3;5.1;5.2
H5-45;3431702;2;Kvi;97;30;21;……N;male;20;99;32.8;76;29;2;34.7;13.2;5.1;5.1
H5-45;3431702;2;Kvi;97;66;8;MSR;male;20;99;32.8;71;24;1;32.5;13.9;5.2;5.5
H5-72;NA;1;Kvi;97;42;12;BNN;female;20;97;32.25;74;27;2;38.2;11.8;5;5.1
H5-77;3431710;1;Kvi;97;30;12;……N;male;20;102;34.45;79;30;2;35.5;12.4;5.1;5.4
H5-91;NA;1;Kvi;97;26;9;DHT;male;20;98.6;33.6;78;29;1;32.9;12.6;5.4;5.4
H5-91;NA;2;Kvi;97;36;7;BNN;male;20;99;33.65;78;28;0;32.2;12.7;5.3;5.3
H5-93;NA;1;Kvi;97;50;10;……N;male;20;100;33.2;79;30;3;34.6;13.1;5.1;5.5
H5-94;NA;1;Kvi;97;36;10;BNN;male;20;102;35.45;77;31;2;35.2;12.8;5.3;5.3
H5-94;NA;2;Kvi;97;73;7;MSR;male;20;101;35;78;24;1;35.8;13.5;5.3;5.4
H7-00;NA;1;Kvi;97;37;12;……N;male;75;102;32.9;83;29;2;33;11.7;5.7;4.9
H7-00;NA;2;Kvi;97;47;9;SBH;male;75;102;32.9;80;29;1;32.8;12;5.1;5
H7-04;NA;1;Kvi;97;48;7;BHN;female;55;98;32;75;29;1;33.4;12;5.1;5
H7-17;NA;1;Kvi;97;42;6;……N;male;20;100;33.3;79;29;1;33.1;12.8;5;5.1
H7-17;NA;2;Kvi;97;54;7;……N;male;20;99;33.4;79;29;2;35.5;12.9;5;5
H7-23;3397037;1;Kvi;97;32;21;……N;female;20;95;31.9;73;27;2;29.8;12.8;5.5;5
H7-23;3397037;2;Kvi;97;88;7;TSN;female;20;95;31.35;78;26;2;29.2;12.8;5.1;5.3
H7-41;3377753;1;Kvi;97;50;14;……N;female;85;100;33.75;74;31;1;31.5;12.9;5;5.2
H7-45;NA;1;Kvi;97;52;8;BHN;female;30;97;32.6;75;30;1;35.6;13.4;5.1;5.4
1V-09;NA;1;Ven;97;23;16;BNN;male;35;105;34.45;81;31.5;1;38.8;13;5.3;5.2
1V-81;NA;1;Bjo;97;24;18;……N;male;35;100;33.9;76;29;4;35.7;12.5;5.3;5.1
1V-92;NA;1;Bjo;97;24;20;……N;male;30;105;33.75;85;31;1;35.5;12.8;5.1;5
V;NA;1;Kvi;97;32;10;……N;female;20;96;32.7;73;29;2;36.5;12.4;5.1;4.9
V9-00;3423682;1;Kvi;97;26;11;DHT;male;30;100.8;35.2;77;30.5;1;36.6;13.8;5.4;5.3
V9-00;3423682;2;Kvi;97;36;8;BHN;male;30;100;34.7;NA;NA;NA;36.7;NA;NA;NA
V9-01;NA;1;Kvi;97;27;13;DHT;male;20;99.4;34.2;77;30.5;3;35.2;12.3;5.2;4.7
V9-01;NA;2;Kvi;97;37;13;……N;male;20;100;34.2;76;30;1;NA;11.9;5;4.8
V9-03;NA;1;Kvi;97;47;19;BHN;female;30;98;32.1;76;29;2;35.5;12.3;5;5
V9-05;NA;1;Seg;97;48;6;SBH;female;35;96.5;32;75;29;3;NA;12.9;5;5
V9-07;NA;1;Kvi;97;96;8;……N;male;20;99;32.9;78;28;4;34.7;12.6;5;5
V9-08;NA;1;Kvi;97;23;17;……N;male;40;99;34.2;75;29;3;35.9;12.7;5.5;5.2
V9-08;NA;2;Kvi;97;32;21;……N;male;40;99;34.05;76;32;2;35.8;12.3;5.5;5.2
V9-09;NA;1;Kvi;97;30;12;BHN;female;45;95;32.25;74;28;3;34.9;12.2;4.9;4.8
V9-09;NA;2;Kvi;97;64;5;MSR;female;45;95;NA;77;26;1;32.4;12.8;5.2;4.9
V9-11;3431900;1;Kvi;97;42;19;BHN;female;35;95;32.4;72;32;2;35.5;12.5;5.1;4.9
V9-11;3431900;2;Kvi;97;60;4;MSR;female;35;95;33.1;72;29;1;29.9;12.4;5.3;5
V9-13;NA;1;Kvi;97;14;10;BHN;male;45;101;33.8;NA;NA;NA;NA;NA;NA;NA
V9-13;NA;2;Kvi;97;27;9;DHT;male;45;101.7;33.4;80;29;1;34.3;12.4;5.1;4.8
V9-15;NA;1;Kvi;97;38;6;BNN;male;20;98;34;76;29;1;33;12;5.2;5.2
V9-15;NA;2;Kvi;97;48;6;……N;male;20;99;34.05;72;28;1;33.8;12;5.2;5
V9-19;3431802;1;Kvi;97;30;6;BHN;female;20;97;32.05;74;29;2;34.6;12.1;5;5
V9-20;NA;1;Kvi;97;42;10;BNN;female;20;97;32.2;72;29;1;31.4;12.7;5.1;5
V9-21;NA;1;Kvi;97;22;12;BHN;male;45;101;34.05;77;31;2;35.4;11.9;5.2;5.2
V9-21;NA;2;Kvi;97;32;8;DHT;male;45;100.4;34.05;78;30.5;0;34.6;11.9;5.3;4.9
V9-23;NA;1;Kvi;97;45;7;BHN;female;35;94;32.1;70;29;2;32.4;12.8;5.1;4.9
V9-25;3431903;1;Kvi;97;47;8;BHN;female;20;94;31.9;74;27;1;32.9;11.4;5;4.8
V9-25;3431903;2;Kvi;97;98;7;……N;female;20;93;32.1;71;25;2;NA;11.9;5.1;5.1
V9-27;3423531;1;Kvi;97;43;23;……N;female;30;93;32.75;72;26;NA;34.1;11.2;4.9;4.9
V9-27;3423531;2;Kvi;97;92;8;TSN;female;30;93;31.7;72;26;1;28.5;11.9;4.9;5.2
V9-28;3431568;1;Kvi;97;35;19;……N;female;30;95;32.4;71;27;2;32.3;11.7;5;4.4
V9-33;NA;1;Kvi;97;40;20;BNN;female;20;99;32.1;76;29.5;1;35.7;13.2;5.2;5.2
V9-38;NA;1;Kvi;97;42;20;BHN;female;30;97;31.8;70;29;2;30.4;11.8;4.9;4.8
V9-40;NA;1;Kvi;97;46;7;……N;female;25;97;32.9;79;30;0;32.7;12.5;5.3;5.3
V9-43;NA;1;Kvi;97;28;11;……N;male;35;100;32.95;79;30;4;33.3;12.2;5.1;5
V9-43;NA;2;Kvi;97;38;6;……N;male;35;100;32.9;79;30;1;31;12.1;5;5.2
V9-47;NA;1;Kvi;97;31;12;DHT;female;30;98;33.35;75;31;1;32.8;12.3;5.1;5
V9-47;NA;2;Kvi;97;50;14;SBH;female;30;98;33.35;74;31;4;34.5;13;5.05;4.8
V9-48;3423743;1;Kvi;97;48;11;BHN;female;45;98;33;76;30;0;32.8;11.8;5.1;4.9
V9-49;3431572;1;Kvi;97;49;9;……N;female;30;98;32.1;75;28;1;32.2;12.8;4.8;4.8
V9-52;NA;1;Kvi;97;39;7;……N;male;20;98;32.95;74;28;1;34.5;12.1;5;5
V9-52;NA;2;Kvi;97;50;7;SBH;male;20;98;33.1;75;29.5;3;36;12.1;5.1;4.9
V9-53;NA;1;Kvi;97;48;8;……N;female;35;96;32.8;76;27;1;NA;12.7;5.1;5.2
V9-54;NA;1;Kvi;97;45;7;BNN;female;20;96;32.95;72;28;0;32.8;12.8;5.1;5.1
V9-59;NA;1;Kvi;97;62;8;SBH;female;35;98;34.05;77;31;2;34.8;12.5;5.2;5
V9-70;NA;1;Bjo;97;49;8;SBH;male;35;101;33.3;80;31;1;32.7;12.2;5;4.6
V9-71;NA;1;Kvi;97;50;20;BHN;female;20;97;32.35;73;31;1;34.1;11.8;5.1;5.1
V9-77;NA;1;Kvi;97;46;10;SBH;female;35;95;33.2;72;29;3;35;12.5;5.1;5
V9-78;NA;1;Kvi;97;27;11;DHT;male;20;100.9;34.95;82;29.5;0;34.7;12.4;5.2;4.9
V9-80;NA;1;Kvi;97;25;13;BHN;female;35;97;31.95;76;27;2;33.3;12.4;5.4;5
V9-80;NA;2;Kvi;97;33;5;BNN;female;35;98;32.05;76;28.5;0;31.2;12.7;5.3;5.2
V9-83;3431594;1;Kvi;97;58;10;……N;female;20;96;31.3;75;27;2;35;11.5;5.1;4.9
V9-88;NA;1;Kvi;97;60;10;SBH;male;20;101;34.85;77;30;2;36.5;13.7;5.7;5
V9-89;NA;1;Kvi;97;66;6;LBT;male;20;102;33;79;28;2;34.7;12.7;5.2;5.3
V9-95;NA;1;Kvi;97;16;7;……N;male;35;101;35.05;83;29;2;35.3;12.6;5.7;4.8
HB-55;3395961;1;Bor;98;45;10;DHT;male;30;103;33;82;29;2;35.6;12.6;5.3;5
HB-52;3440658;1;Nor;98;44;14;DHT;male;30;100;33.8;77;30;2;33.6;12.2;5;4.8
HB-53;3440659;1;Nor;98;44;15;DHT;male;35;102;34.1;77;28.5;2;35.8;13.2;5.6;4.8
HB-43;3440650;1;Nor;98;44;7;DHT;female;30;95;33.2;78;27.5;1;34.3;12.7;5.1;4.8
HB-45;3440652;1;Nor;98;44;7;DHT;male;35;104;33.9;81;31.5;1;35.6;12.7;5.2;5.1
HB-47;3440653;1;Nor;98;44;8;DHT;male;35;103;33;81;30;0;34.2;12;5.1;4.8
HB-48;3440654;1;Nor;98;44;9;DHT;female;35;99;32.35;76;30;3;31.9;12.4;5.2;5.2
HB-44;3440651;1;Nor;98;44;7;DHT;male;35;101;35.25;79;30;1;35.2;12.8;5.1;4.8
HB-49;3440655;1;Nor;98;44;10;DHT;female;30;98;33;77;28.5;3;34;12.2;5;4.8
HB-50;3440656;1;Nor;98;44;10;DHT;male;25;99;33.9;79;29;1;32.6;12.2;5.1;5
HB-51;3440657;1;Nor;98;44;12;DHT;male;30;102;33.5;82;29;2;34.8;12.9;5.3;5.1
VB-70;3440660;1;Bor;98;45;7;DHT;male;35;100;35;78;31;1;36.5;12.8;5.2;5.2
VB-71;3440661;1;Bor;98;45;7;DHT;male;35;104;34.85;83;33;1;35.5;13.2;5.1;4.9
BV-72;3440662;1;Bor;98;45;8;DHT;male;20;100;33.1;77;30.5;1;32.3;12.9;5;5.1
BV-73;3440663;1;Bor;98;45;10;DHT;male;35;103;33.95;84;30;2;36.5;12.4;5.3;5.3
BV-74;3440664;1;Bor;98;45;11;DHT;male;35;101;33.45;79;29;1;37;12.8;5.4;5.1
VB-00;3424724;1;Hor;98;15;7;BHN;male;35;99;33.55;78;29;0;32.6;12.7;5.1;4.9
VB-01;3424745;1;Hor;98;38;13;BHN;male;20;103;35.05;81;30;2;37.2;13;5;5
VB-03;3424725;1;Hor;98;15;11;BHN;male;30;103;34.4;81;31;1;35.6;12.3;5.1;4.8
VB-05;3424746;1;Hor;98;38;14;BHN;male;35;105;33.6;82;32;2;36.7;13.1;5.1;5.1
VB-11;3424747;1;Hor;98;38;15;BHN;male;20;96;33.35;NA;28;2;31.3;12.7;5;4.8
VB-12;3424748;1;Hor;98;38;16;BHN;male;20;98;34.4;74;29;2;35;12;4.9;5
VB-13;3424749;1;Hor;98;38;17;BHN;male;20;102;33.55;NA;31;1;35.2;12.9;5.1;5.2
VB-14;3424726;1;Hor;98;15;20;BHN;male;20;101;33.15;78;27;1;36;12.8;5.4;5
VB-15;3424750;1;Hor;98;39;17;BHN;male;35;101;31.75;77;30;2;31.6;13.1;5;4.8
VB-17;3424727;1;Hor;98;15;21;BHN;male;35;98;33.8;76;28;2;35.1;12.5;5;5
VB-18;3424751;1;Hor;98;40;7;TAN;male;35;100;33.95;80;30;1;33.4;13.3;5.1;4.9
VB-19;3424752;1;Hor;98;40;6;TAN;male;35;100;33.45;76;30;1;34.5;12.3;5;4.9
VB-21;3424753;1;Hor;98;40;9;TAN;male;35;102;32.95;80;31;1;34.9;12.8;4.9;4.7
VB-22;3424754;1;Hor;98;40;10;TAN;male;20;102;34.4;82;31;1;37;12.2;5.1;5
VB-23;3424755;1;Hor;98;40;11;TAN;male;35;98;32.85;78;30;2;35;13;5;5
VB-24;3424756;1;Hor;98;40;12;TAN;male;20;103;34;75;31;1;38.6;12.9;5;4.9
VB-25;3424728;1;Hor;98;15;21;BHN;male;35;102;33.4;80;32;NA;36.9;NA;NA;NA
VB-27;3424757;1;Hor;98;40;8;TAN;male;25;101;33.8;75;30;2;35.8;11.9;5;5
VB-28;3424758;1;Hor;98;41;9;TAN;male;20;99;32.5;78;30;1;35;13.1;5.1;5.1
VB-29;3424759;1;Hor;98;41;11;TAN;male;35;98;33.85;75;31;1;35.3;12.7;5.1;5
VB-31;3424760;1;Hor;98;41;12;TAN;male;35;102;33.1;80;30;2;35.4;12.1;5;4.9
VB-32;3424761;1;Hor;98;41;14;TAN;male;35;102;33;80;32;1;32.4;12.9;5;4.9
VB-33;3424729;1;Hor;98;18;10;BHN;male;35;101;33.8;79;29;0;34.3;12.3;5.1;4.6
VB-34;3424762;1;Hor;98;41;15;TAN;male;35;101;34.1;80;31;1;34.6;12.9;5;5
VB-35;3424763;1;Hor;98;41;17;TAN;male;35;104;32.4;80;32;1;37.2;12.8;5;4.9
VB-37;3424764;1;Hor;98;42;9;TAN;male;25;100;33.4;80;30;1;32.2;12.5;5;4.9
VB-38;3424730;1;Hor;98;18;10;BHN;female;35;97;31.9;74;28;1;31.3;12.2;5;5
VB-39;3424765;1;Hor;98;42;10;TAN;male;35;102;33.65;79;32;2;35.7;12.9;5.1;5
VB-41;3424766;1;Hor;98;42;15;TAN;male;20;100;32.55;75;30;2;NA;12.8;4.8;4.9
VB-42;3424767;1;Hor;98;42;18;TAN;male;35;102;33;80;31;2;34.3;12.4;5;5
VB-43;3424731;1;Hor;98;18;12;BHN;male;35;102;34.5;81;30;0;36.1;12.4;5.2;4.9
VB-44;3424768;1;Hor;98;42;20;TAN;male;35;101;32;78;31;2;32.3;12.6;5;4.9
VB-45;3424769;1;Hor;98;42;20;TAN;male;35;100;32.2;76;32;2;32.2;12.6;4.7;5
VB-47;3424732;1;Hor;98;19;8;BHN;male;35;104;35.4;82;31;0;37.3;13.2;5.2;5.1
VB-49;3424733;1;Hor;98;19;8;BHN;male;35;98;33.05;76;30;0;35.3;12.9;5.2;5
VB-50;3424734;1;Hor;98;19;10;BHN;male;35;103;34.05;80;29;0;33.2;13.1;5.1;4.9
VB-51;3424735;1;Hor;98;19;12;BHN;male;35;101;34.35;78;30;1;34.6;12.5;5.1;4.9
VB-54;3424770;1;Hor;98;44;17;TAN;male;20;100;33.6;75;30;2;34.3;13.1;4.9;5
VB-55;3424736;1;Hor;98;20;8;BHN;male;20;102;33.15;78;29;0;32.3;12.2;5;4.6
VB-57;3424771;1;Hor;98;44;17;TAN;male;20;105;32.9;84;34;1;37.3;13.2;5.1;5
VB-58;3424737;1;Hor;98;20;10;BHN;male;35;103;34.6;81;32;0;34.5;12.8;5.1;5.1
VB-59;3424772;1;Hor;98;44;19;TAN;male;35;102;33.2;80;29;2;34.6;12.6;5;4.8
VB-71;3424773;1;Hor;98;44;21;TAN;male;35;100;32.05;78;29;1;35.2;13;5;4.9
VB-72;3424738;1;Hor;98;20;14;BHN;male;35;102;34.3;78;31;1;35.5;12.2;4.9;4.9
VB-79;3424739;1;Hor;98;20;15;BHN;male;35;100;34;80;30;0;33.2;12;5.1;4.5
VB-83;3424740;1;Hor;98;21;9;BHN;male;35;104;34.1;84;31;0;35.2;12.6;5;4.7
VB-87;3424741;1;Hor;98;21;11;BHN;male;35;102;32.6;81;29;0;34.2;13.2;4.9;5
VB-92;3424742;1;Hor;98;21;13;BHN;male;35;98;32.5;79;28;0;34.2;12.6;5.2;4.9
VB-95;3424743;1;Hor;98;21;14;BHN;male;30;101;34.55;80;28;0;38.9;12.1;5.6;5.5
VB-99;3424744;1;Hor;98;21;14;BHN;male;20;98;33.2;75;29;1;34.1;12.4;5.2;5
HB-01;3300056;2;Hor;98;20;12;BHN;male;35;99;33.9;76;29;0;33.8;12.3;5.1;5
HB-80;3424704;2;Hor;98;40;5;TAN;male;35;99;32.75;75;30;1;33.2;NA;4.8;4.8
V5-22;3308422;2;Hor;98;17;21;BHN;male;35;100;33.4;78;28;1;33.7;13.1;5;5
BH-55;3396880;2;Hor;98;19;19;BHN;male;35;99;32.8;80;27;1;35.4;12.6;5.1;5
BV-41;3440677;1;Sod;98;47;8;SBH;male;20;100;33;80;28;1;33;12.2;4.9;4.9
BV-42;3377197;2;Sod;98;47;9;SBH;male;35;104;33.8;82;30;1;36.2;12;5.1;4.9
BV-43;3440678;1;Sod;98;47;10;SBH;male;35;103;33.5;80;29;2;35.7;11.9;5;4.9
BV-44;3440679;1;Sod;98;47;11;SBH;male;35;104;33.6;82;30;3;37.2;13.3;5.2;5.1
8H-09;NA;2;Sod;98;47;6;SBH;male;20;100;34.6;77;28;1;35.2;12.8;5;4.9
H5-04;3313253;2;Sod;98;47;7;SBH;male;35;99;34.5;77;28;2;37.4;12.4;5;4.9
HB-00;3308504;1;Tak;98;27;5;SBH;male;35;101;34.5;74;31;1;33;13.2;5.2;4.9
HB-12;3308505;1;Tak;98;27;6;BNN;male;35;102.5;33.95;80;29;1;NA;12.2;5;4.9
HB-02;3308506;1;Tak;98;27;7;SBH;female;20;96;33.45;74;28;3;34.7;12.4;5;4.8
HB-03;3308507;1;Tak;98;27;7;BNN;male;20;103;34;82;31;1;36.7;12.8;5.1;5
HB-25;3308508;1;Tak;98;27;8;SBH;male;35;101;32.95;76;29;1;33.2;12.2;5.2;4.7
HB-18;3308509;1;Tak;98;27;9;BNN;male;35;100;33.1;78;29;1;32.4;12.9;5;4.9
HB-24;3308510;1;Tak;98;27;9;SBH;male;35;99;33.1;81;29;1;34.8;12.5;5.2;4.8
HB-08;3308511;1;Tak;98;27;10;SBH;male;35;99;31.6;73;29;1;34;12.6;5.2;4.9
HB-09;3308512;1;Tak;98;27;10;BNN;male;20;101;33.65;82;28.5;1;32.9;12.6;5;4.9
HB-07;3308513;1;Tak;98;27;11;SBH;male;35;102.5;34.25;81;30;1;35;13;5;4.8
HB-04;3308514;1;Tak;98;27;12;BNN;male;35;102;34.4;80;29;1;35.8;12.4;5.2;5.1
HB-05;3308515;1;Tak;98;27;13;SBH;male;35;102;34.2;80;30;1;35.1;12.8;5.2;5.1
HB-10;3308516;1;Tak;98;27;13;BNN;male;35;102;34.75;83;28;1;35.7;12.3;5.1;5.2
HB-11;3308517;1;Tak;98;28;7;SBH;male;20;97;34.3;80;26;1;34;12.7;5.1;4.8
HB-13;3308518;1;Tak;98;28;8;BNN;male;35;101;32.3;81;32;1;34.3;12.8;5;5.1
HB-14;3308519;1;Tak;98;28;9;SBH;male;35;100;33.4;80;28;1;33.1;12.8;5.2;4.9
HB-15;3308520;1;Tak;98;28;10;BNN;male;35;100;33.6;79;28;1;34.2;13.1;5.1;5.3
HB-17;3308521;1;Tak;98;28;11;SBH;male;35;99.4;33.2;78;28.5;1;32.3;12.2;4.9;5
HB-19;3308522;1;Tak;98;28;11;BNN;male;35;104;33.9;83;30;2;34.7;12.8;5.2;5.2
HB-20;3308523;1;Tak;98;28;12;SBH;male;35;104;33.7;82;30;2;36.8;12.4;5.1;5
HB-21;3308524;1;Tak;98;29;6;BHN;male;35;101;31.2;76;30;0;32.3;11.6;4.9;4.9
HB-22;3308525;1;Tak;98;29;6;BNN;male;35;100;33.2;80;29;0;32.3;12.1;5;4.9
HB-23;3308526;1;Tak;98;29;7;BHN;male;35;102;34;79;29;1;35;13.1;5.4;5.1
HB-27;3308527;1;Tak;98;29;8;BNN;male;35;102;33.4;79;28;1;34.8;13.1;5.2;5.2
HB-28;3308528;1;Tak;98;29;8;BHN;male;35;100;32.9;81;28;2;35.6;13.1;5.2;5.3
HB-29;3308529;1;Tak;98;29;11;BNN;male;35;103.5;33.15;80;30.5;2;35.2;13.3;5.2;5.3
HB-30;3308530;1;Tak;98;29;12;BHN;male;35;102;33.3;77;31;1;34.2;12;5;4.9
HB-33;3308531;1;Tak;98;38;14;BNN;male;30;103;35.15;79;31;1;38.6;13.8;5;5.1
HB-34;3308532;1;Tak;98;39;7;BNN;male;35;101;32.85;78;29;0;29.6;11.8;4.9;5.1
HB-35;3308533;1;Tak;98;39;8;BNN;male;35;100;33.95;83;28;0;33.6;13.9;5;4.9
HB-37;3308534;1;Tak;98;39;9;BNN;male;35;98;33.4;76;26;1;33.9;12.7;5.1;4.6
HB-38;3308535;1;Tak;98;39;11;JSI;male;35;102;34.1;82;29.5;1;33.1;12.2;5.1;5.1
HB-39;3308536;1;Tak;98;40;9;BNN;male;25;98;33.1;76;28;0;33.4;12.9;5.1;4.8
HB-40;3308537;1;Tak;98;42;10;JSI;male;35;98;33.2;80;28;0;34.9;12.9;NA;NA
HB-41;3308538;1;Tak;98;43;9;JSI;male;35;100;34.25;81;30;0;35.2;13;5.1;4.9
HB-42;3308539;1;Tak;98;43;10;JSI;male;35;103;33.85;NA;29;0;36.6;13.1;5.1;4.9
HB-54;3308540;1;Tak;98;46;7;JSI;male;35;100;35.1;66;28;1;37.8;12.8;5.1;5.1
HB-57;3308541;1;Tak;98;46;9;JSI;male;25;103;35.65;83;31;1;36.3;12.9;5;5.1
HB-58;3308542;1;Tak;98;46;11;JSI;male;35;102;34.35;82;28;1;36.4;13.1;5.1;5.1
HB-59;3308543;1;Tak;98;46;13;JSI;male;35;103;34.15;81;32;2;36.8;12.1;5.1;4.7
HB-70;3308544;1;Tak;98;46;14;JSI;male;35;101;33.9;NA;31;1;35;12;5.1;5
HB-71;3477501;1;Tak;98;49;10;JSI;male;35;102;33.3;82;NA;2;32.4;12.2;5.1;4.9
HB-72;3477502;1;Tak;98;49;12;JSI;female;20;97;32.4;81;30;1;30;12.9;5;4.8
HB-73;3477503;1;Tak;98;50;11;JSI;male;20;100;33.15;77;29;1;33.2;12.9;5;5
HB-74;3477504;1;Tak;98;50;12;JSI;male;20;101;33.95;78;31;1;34.7;12.1;5.1;5
HB-75;3477505;1;Tak;98;50;14;JSI;male;20;103;33.9;84;31;2;35.8;11.9;5.1;5
HB-77;3477506;1;Tak;98;50;17;JSI;female;35;95;33;72;27;0;28.8;12.1;5;4.9
HB-78;3477507;1;Tak;98;50;18;JSI;male;35;103;34.95;78;30;1;35.8;12.8;5.4;5.8
HB-79;3477508;1;Tak;98;51;14;JSI;male;35;100;33.85;78;30;2;34.5;11.2;5.1;5
HB-80;3477509;1;Tak;98;52;8;JSI;female;25;96;32.5;77;29;1;28.2;12.5;5;5.1
HB-81;3477510;1;Tak;98;53;10;JSI;male;25;99;34.15;77;32;1;33.2;12.2;4.9;5.1
HB-82;3477511;1;Tak;98;53;11;SBH;male;35;100;33.9;80;29;1;34.8;13.2;5;5
HB-83;3477512;1;Tak;98;53;11;JSI;male;35;99;33.5;84;30;1;35;12.9;5;5
HB-84;3477513;1;Tak;98;54;10;JSI;female;35;98;33.9;77;NA;1;32.8;12.9;5.1;4.9
HB-85;3477525;1;Tak;98;55;11;JSI;female;35;94;32.15;75;27;1;28.7;12.1;5;5
HB-87;3477526;1;Tak;98;55;12;JSI;male;35;100;34.85;85;29;1;33.1;12.1;5.1;4.9
HB-88;3477527;1;Tak;98;55;13;JSI;male;35;98;34.05;78;28;0;34.5;12;5;4.9
HB-89;3477533;1;Tak;98;58;8;JSI;male;35;104;35.6;82;34;1;36;12.8;5.2;5.1
H7-40;3395938;2;Tak;98;49;11;JSI;female;35;95;NA;75;28;1;26.8;12.2;4.9;4.9
HB-90;3477534;1;Tak;98;58;9;JSI;male;35;101;34.3;80;33;1;33.9;13.2;5.2;5.1
HB-91;3477560;1;Tak;98;68;12;JSI;female;30;94;32.65;74;26;1;30.1;12.5;5.1;5
HB-92;3477561;1;Tak;98;69;11;JSI;female;35;96;32.8;76;29;1;29;12.8;5;5.1
HB-93;3477404;1;Tak;98;74;6;JGE;NA;10;95;NA;NA;NA;2;29.4;NA;NA;NA
HB-94;3477406;1;Tak;98;89;8;RRD;female;25;92;NA;NA;NA;1;NA;NA;NA;NA
HB-99;3477400;1;Tak;98;46;12;TAN;male;35;105;33.6;80;33;1;36.4;12.7;5;4.9
HB-98;3477401;1;Tak;98;47;9;TAN;male;30;100;32.6;78;32;1;33.4;12.8;5.1;5
HB-97;3477402;1;Tak;98;47;11;TAN;male;25;104;33.9;80;33;1;34.6;12.7;5.1;5.1
H5-09;3397033;2;Arn;98;48;10;SBH;male;35;98;34.8;77;29;1;36.6;12.8;5;4.9
BV-49;3440683;1;Arn;98;48;10;SBH;male;35;99;32;78;28;1;32.2;12.6;5.1;4.9
BV-48;3440682;1;Pan;98;48;8;SBH;male;35;102;34.1;81;29;1;34.6;12.6;5.2;4.8
BV-50;3440684;1;Arn;98;48;11;SBH;male;35;102;32.9;81;30;2;35.5;12.1;5.1;4.8
BV-45;3440680;1;Pan;98;48;7;SBH;male;20;98;35;78;28;1;36.9;12.7;5.1;5
BV-47;3440681;1;Pan;98;48;7;SBH;male;35;102;33.9;80;30;1;32;11.4;5;4.8
BV-00;3440603;1;Ksd;98;35;7;BHN;male;35;102;32.8;80;32;3;36.6;13.2;5;4.9
BV-01;3440604;1;Ksd;98;35;12;BHN;male;35;102;33.3;80;30;1;33.6;12.7;5.2;4.8
BV-02;3440605;1;Ksd;98;35;13;BHN;male;35;97;32.8;76;27;1;32.1;12;5.1;5
BV-03;3440606;1;Ksd;98;36;8;BHN;male;20;101;34.1;82;30;1;34.1;12.4;5.1;5
BV-04;3440607;1;Ksd;98;36;13;BHN;male;20;102;34.3;81;31;1;36.3;12.4;5;4.9
HB-32;3440600;1;Olm;98;31;6;BNN;male;20;101;34.2;80;29.5;1;36.4;13;5.2;5.2
BV-94;3440601;1;Olm;98;31;7;BNN;male;20;101;33.95;82;29;1;32.2;12.8;5.1;5.2
BV-40;3440602;1;Olm;98;31;9;BNN;male;35;100;33.2;78;28;1;32.2;11.6;4.9;5
VB-48;3440609;1;Dat;98;43;11;TAN;male;35;101;34;75;31;1;34.5;12.8;5;5
VB-52;3440610;1;Dat;98;43;12;TAN;male;35;100;34.1;75;30;1;36.6;12.5;5.1;5
VB-53;3440611;1;Ost;98;44;11;TAN;male;20;100;33.15;76;30;1;35;12.6;5;4.9
V9-93;3439128;2;Kvi;98;87;10;MSR;female;25;96;33.75;78;28;3;34.5;13;5.5;5.2
H8-35;3431794;1;Kvi;98;80;8;MSR;male;20;100;34;78;27;4;35.3;12.8;5.2;5.1
H8-03;3431782;1;Kvi;98;72;9;BNN;female;20;93;33.15;67;21;1;30.8;13.1;5.1;5.3
H5-17;3423765;2;Kvi;98;69;7;TSN;female;30;97;33.25;75;29;1;28.2;12.1;5;5.4
H5-17;3423765;1;Kvi;98;36;11;BNN;female;30;97;33.45;74;28;1;NA;12.1;5.1;5.1
H5-17;3423765;2;Kvi;98;62;9;TSN;female;30;98;33.15;76;27;1;29.7;12.5;5;5.5
V9-83;3431594;2;Kvi;98;69;12;MSR;female;30;95;31.05;77;27;1;33.4;NA;5.3;5.2
V9-83;3431594;1;Kvi;98;49;16;……N;female;35;96;31.35;76;27;2;31.2;12;5.2;5.2
H5-83;3423562;1;Kvi;98;67;9;BNN;male;30;102;34;80;31;1;32.9;12.8;5.2;5.2
H7-04;NA;1;Kvi;98;15;9;……N;female;65;97;32.2;NA;29;2;33.6;11.3;4.9;5.1
V9-93;3439128;1;Kvi;98;48;11;……N;female;20;96;33.45;70;28;NA;NA;12.9;5.2;5.2
H3-00;3395950;1;Kvi;98;13;8;……N;male;50;98;33.9;79;28;1;33.3;11.8;5.1;4.9
H3-00;3395950;2;Kvi;98;62;8;BNN;male;50;98.5;33.8;NA;NA;1;32.2;NA;NA;NA
H3-90;3402149;1;Kvi;98;15;14;……N;female;50;98;33.05;75;29;4;36.1;11.2;5;5.3
H4-34;3423511;1;Kvi;98;46;10;MSR;female;40;94;31.9;74;27;1;NA;12.3;5.3;5.5
H4-57;3423518;1;Kvi;98;11;9;……N;male;40;100;34.9;81;29;2;34.6;12.6;5;NA
H4-82;3423630;1;Kvi;98;17;10;……N;female;40;96;32.05;73;28;1;29.6;12;5;5.3
H5-00;3423793;1;Kvi;98;24;11;……N;male;30;100;33.35;75;30;1;34.6;13;5.1;5
H5-00;3423793;2;Kvi;98;34;7;BNN;male;30;100;33.4;79;29;0;35;NA;NA;NA
H5-01;3423696;1;Kvi;98;24;7;……N;male;30;99;33.15;76;30;2;34;11.9;5.1;5
H5-01;3423696;2;Kvi;98;34;7;BHN;male;30;99;33.15;76;30;1;33.2;11.7;5;4.9
H5-05;3423783;1;Kvi;98;17;10;……N;male;30;102;34;80;29;2;34.6;12.3;5.2;4.9
H5-05;3423783;2;Kvi;98;27;8;BHN;male;30;102;33.95;80;32;0;33.3;13.1;5;4.8
H5-30;3423551;1;Kvi;98;13;15;……N;male;30;101;33.75;NA;29;3;35.6;11.9;5.2;5
H5-38;3431718;1;Kvi;98;53;7;BNN;male;30;100;33.1;NA;28;1;32.7;NA;NA;NA
H5-39;3431717;1;Kvi;98;62;8;BNN;male;30;103;33.9;80;28;0;34.5;10.9;4.9;5
H5-45;3431702;1;Kvi;98;13;8;……N;male;30;100;32.95;78;28;2;34.4;13.8;5;5.3
H5-77;3431710;1;Kvi;98;18;8;……N;male;30;103;34.25;84;30;2;34.6;12.6;5.2;5
H5-84;3423550;1;Kvi;98;14;10;……N;female;30;97;33;76;29;2;31;12;4.9;5
H7-23;3397037;1;Kvi;98;60;7;SBH;female;30;96.5;31.7;76;26;1;27.6;12.7;5.1;5
H7-41;3377753;1;Kvi;98;62;9;BNN;female;95;99;33.9;76;30.5;1;32.2;12.7;4.9;5.1
H8-04;3431930;1;Kvi;98;40;10;SBH;female;20;93;31.7;70;29;2;34.4;13.1;5.05;4.8
H8-09;3431840;1;Kvi;98;25;7;HWL;male;20;97.5;32.8;78;27;1;30.1;13.1;5.2;4.9
H8-10;3431787;1;Kvi;98;34;8;DHT;male;20;98;33.4;78;29;0;32.7;13.2;5.3;5.1
H8-23;3431946;1;Kvi;98;41;9;……N;female;20;97;32.2;73;31;1;27.2;12.3;5.1;5.2
H8-37;3431959;1;Kvi;98;53;7;BNN;female;20;98;33.7;72;29.5;2;36.4;13.6;5.1;5.1
H8-39;3431943;1;Kvi;98;41;6;……N;male;20;102;33;78;31;1;34;12.8;5.1;5
H8-39;3431943;2;Kvi;98;50;10;……N;male;20;102;33;80;30;1;33;12.9;5.2;5.1
H8-70;3431920;1;Kvi;98;18;9;……N;male;20;98;34.25;78;29;3;34.5;12.9;5.3;5.2
H8-70;3431920;2;Kvi;98;28;9;BHN;male;20;98;34;77;29;0;33.2;13.1;5.3;5.3
H8-87;3431817;1;Kvi;98;35;7;HWL;female;20;96;32.5;74;27;2;32.3;12.2;5.1;4.9
H8-98;3431947;1;Kvi;98;26;12;SBH;female;20;95;33.15;75;28;1;36.7;12.8;5.1;5
5H-19;3423678;1;Kvi;98;13;15;……N;male;30;99;31.55;NA;29;3;34.6;13.3;5;5.3
5H-77;3423686;1;Kvi;98;10;9;BNN;male;30;100;34.55;80;29;3;34.5;12.3;5.1;5.2
5H-77;3423686;2;Kvi;98;20;10;……N;male;30;101;34.45;80;30;2;33.1;11.2;5;5
5H-77;3423686;2;Kvi;98;46;8;MSR;male;30;100;34.45;80;31;1;33.2;12.2;5.2;5.3
8H-05;3431752;1;Kvi;98;25;20;SBH;male;20;97;34.4;74;27;1;35.5;13.8;5.2;5
8H-28;3431875;1;Kvi;98;54;9;SBH;male;20;101.5;34.8;77;29;1;34;12.2;5.1;4.8
8H-28;3431875;2;Kvi;98;62;10;TSN;male;20;102;34.85;79;31;2;33.8;12.2;5.2;5
8H-55;3431848;1;Kvi;98;39;6;SBH;male;20;98;34.9;76;29;1;34.7;12.2;5.1;5.1
V9-00;3423682;1;Kvi;98;17;13;……N;male;40;100;34.75;77;30;2;38;13.1;5.4;5.1
V9-00;3423682;2;Kvi;98;28;9;BNN;male;40;100;34.95;78;29;1;NA;NA;NA;NA
V9-02;3431862;1;Kvi;98;21;8;DHT;male;30;101.5;35.75;79;28;1;36.4;12.4;5.1;5
V9-02;3431862;2;Kvi;98;45;11;AGK;male;30;102;35.7;78;30;1;35.6;12.1;5;4.8
V9-04;3423795;1;Kvi;98;59;9;BNN;female;50;99;32.3;75;29;2;NA;12.4;5.1;5.1
V9-11;3431900;1;Kvi;98;62;7;MSR;female;45;95;32.6;72;28;1;29.3;12.8;5.1;5.1
V9-12;3431962;1;Kvi;98;10;8;……N;male;30;102;34;82;29;1;32.8;12.8;5.4;5
V9-12;3431962;2;Kvi;98;20;12;HWL;male;30;102;34.1;83;31;1;33.3;13.3;5.3;5
V9-19;3431802;1;Kvi;98;44;11;MSR;female;30;98;32.05;75;28;1;31.1;12.1;5.2;5.2
V9-25;3431903;1;Kvi;98;52;10;SBH;female;30;95;32;74;28;1;30.7;11.7;5;4.9
V9-27;3423531;1;Kvi;98;49;6;SBH;female;40;92;31.6;70;28;1;28.1;12.1;5;4.8
V9-28;3431568;1;Kvi;98;64;9;BNN;female;40;98;32.8;NA;28.5;2;30.1;12.2;5;5
V9-34;3439143;1;Kvi;98;50;7;……N;female;35;96;32.75;71;27;2;35.3;12.5;5.1;5
V9-41;3423535;1;Kvi;98;56;12;BNN;female;45;97;32.4;76;28;1;30.1;12.6;5.1;5.1
V9-48;3423743;1;Kvi;98;42;6;……N;female;55;99;33.15;77;26;1;29.9;11.8;5;4.9
V9-49;3431572;1;Kvi;98;59;10;TSN;female;40;99;32.2;79;23;3;31.3;12.2;4.9;4.8
V9-58;3439112;1;Kvi;98;46;7;……N;female;30;98;32.25;72;29;1;32.8;13;5;5.1
V9-75;3424774;1;Kvi;98;54;11;BNN;female;20;97;32.8;77;28;1;33.6;12.3;5;5
V9-82;3439001;1;Kvi;98;28;7;BHN;male;20;101;34.8;79;30;1;34.8;12.6;5.1;4.9
V9-90;3431696;1;Kvi;98;17;10;……N;male;30;98;34.2;75;28;2;31.3;11.6;5.3;5.1
V9-91;3431964;1;Kvi;98;34;11;BNN;female;35;94;33.75;72;NA;NA;NA;NA;NA;NA
V9-97;3431863;1;Kvi;98;23;18;SBH;male;20;99;34.2;76;29;3;36.8;12.4;5;4.8
1H-13;3431963;1;Seg;98;23;10;BNN;female;35;98;32;75;26;3;NA;12.7;5;5
1H-23;3439000;1;Seg;98;23;7;BHN;male;30;101;34.05;79;31;1;NA;13.4;5;5.1
1H-44;3439100;1;Seg;98;31;8;HWL;female;35;98;32.1;75;32;4;35.7;12.6;5.1;4.8
1H-47;3439002;1;Seg;98;33;16;BHN;male;30;103;32.65;82;32;1;31.7;12.1;5;4.9
1H-47;3439002;2;Seg;98;43;6;……N;male;30;103;32.75;80;31;1;30.4;12.9;5;4.9
1H-94;3431725;1;Seg;98;22;10;DHT;male;40;100;33.55;79;28;1;34.8;12.2;5.3;5.2
1H-94;3431725;2;Seg;98;29;8;DHT;male;40;100;33.55;78;28;1;34.7;12.3;5.3;5.1
2H-97;3395918;1;Seg;98;27;18;BHN;female;60;99;32.15;76;31;2;34.4;11.7;4.8;5
2H-97;3395918;2;Seg;98;43;6;……N;female;60;98;32.15;NA;NA;NA;NA;NA;NA;NA
2H-97;3395918;2;Seg;98;53;16;BNN;female;60;97;32.1;76;26;1;NA;12.1;4.9;5
H3-25;3402126;1;Seg;98;48;8;AGK;female;50;NA;30.45;73;28;0;28.9;11.1;5;4.9
H3-83;3402129;1;Seg;98;44;8;BNN;female;50;96;31.9;83;29;1;30.7;12.3;5;5.2
4H-08;3402183;1;Seg;98;23;9;BNN;male;40;100;33;78;28;2;NA;12.9;5.2;5.1
4H-54;3402190;1;Seg;98;29;8;DHT;male;40;104.3;32.8;80;30.5;0;33.3;11.4;5.3;5.1
4H-54;3402190;2;Seg;98;63;7;BNN;male;40;103;32.7;NA;NA;1;33.4;NA;NA;NA
4H-55;3423507;1;Seg;98;18;7;SBH;male;40;99.5;32.6;77;28;2;32.6;11.5;4.9;4.8
5H-88;3423685;1;Seg;98;56;10;SBH;male;30;100;33.8;81;29;1;32.2;12.7;5.1;5
H8-52;3431837;1;Seg;98;45;9;……N;male;20;99;33.95;73;28;2;34.7;13;5.2;5.3
8H-79;3439264;1;Seg;98;70;8;BNN;female;20;97.5;31.65;74;29;1;29.7;12.8;5;4.9
1V-08;3431860;1;Seg;98;18;6;SBH;male;30;101;33.7;79;31;2;32.1;11.9;5;4.8
1V-19;3431965;1;Seg;98;36;16;BNN;male;20;101;32.85;86;29;2;35.7;12.2;5.2;5.2
1V-19;3431965;1;Seg;98;45;7;AGK;male;20;101;32.7;80;31;1;32.9;11.6;5;4.9
1V-31;3431861;1;Seg;98;18;7;SBH;male;35;103;33;82;31;2;34.2;12.2;5.1;4.8
1V-48;3431864;1;Seg;98;24;8;HWL;male;20;96;33.4;78;27;1;33.6;13;5.2;5.1
1V-73;3431865;1;Seg;98;24;10;SBH;male;20;101;33.8;78;31;2;NA;12.9;5.1;5
1V-73;3431865;1;Seg;98;35;10;BNN;male;20;101;33.85;79;28;1;35.6;13.1;5.2;5.1
1V-88;3431867;1;Seg;98;41;8;SBH;male;35;106;34.1;84;32;1;35;12.7;5.2;4.8
1V-95;3431868;1;Seg;98;42;8;MSR;male;30;99;33.25;81;26;1;34.4;12.4;5.1;4.9
V9-30;3431866;1;Seg;98;24;11;HWL;male;20;100;33.7;77;29;1;34.1;11.4;5.2;4.5
V9-42;3431899;1;Seg;98;63;8;BNN;female;20;97;32.15;78;26;1;27.7;12.2;5.2;5.1
H5-90;3423785;1;Fro;98;45;14;SBH;male;30;101;34.2;79;30;1;32.9;12.2;4.9;4.8
H8-97;3431582;1;Fro;98;45;14;SBH;male;20;100;33.8;79;30;2;34.2;12.9;5.1;4.8
1V-02;3440676;1;Fro;98;45;13;SBH;male;35;102;34.7;80;30;2;36.3;13.1;5.2;4.9
H4-50;3423512;1;Tys;98;44;7;SBH;female;40;94;31.2;72;25;3;32.3;12.2;5.1;5
1V-00;3431869;1;Tys;98;44;6;SBH;male;30;102;32.4;79;29;1;33.2;12.9;5.1;4.9
H8-07;3377840;1;Tys;98;19;6;BNN;male;60;102;34.6;79;29;1;34.9;14.1;5.2;5.1
1V-22;3431697;1;Bjo;98;22;9;……N;male;20;102;34.1;80;30;1;33.5;12.4;5;5.4
1V-22;3431697;2;Bjo;98;24;11;BHN;male;20;102;33.95;80;30;1;33.1;12.6;5.1;5.2
1V-91;3377149;1;Bjo;98;24;12;BHN;female;35;100;33.6;79;31;3;33.7;12.6;5.2;5
1V-25;3252952;1;Ven;98;17;7;LSN;male;35;99;34.15;79;27;1;32;13.2;5.1;5.1
H3-43;3402116;1;Ven;98;17;7;BNN;male;50;103;NA;NA;NA;4;35.5;NA;NA;NA
5H-01;3423752;1;Ven;98;17;7;BNN;male;30;102;32.95;80;29;1;33.7;12;5.2;5
5H-01;3423752;2;Ven;98;30;14;LSN;male;30;101;32.9;77;25;1;NA;12;5.6;4.8
H-;3252973;1;Ven;98;50;5;LEN;female;20;94;33;77;29;1;31;13;5;5.2
1V-15;3252978;1;Ven;98;17;11;LSN;male;30;98;32.8;76;29;3;32.5;12.8;5.2;4.9
H4-32;3252983;1;Ven;98;30;12;LSN;male;20;100;34.4;79;27;1;36;11.9;4.9;4.9
H8-11;3252982;1;Ven;98;29;6;LSN;male;20;98;34.25;75;27;1;35;12.8;5.2;4.9
H9-;3431882;1;Kvi;98;104;6;MSR;NA;10;100;33.05;76;30;1;29;12.6;5.2;5
H9-;3431893;1;Kvi;98;135;10;MSR;NA;10;101;34.5;79;30;3;31.4;12.4;5.5;5.2
H9-11;3431977;1;Kvi;98;101;12;LBT;NA;10;97;31.95;75;29;4;29.5;13;5.2;4.8
H9-;3431984;1;Kvi;98;101;12;KIL;NA;10;94;32.1;74;28;3;31;12;5.2;5.3
H9-;3431989;1;Kvi;98;104;9;MSR;NA;10;96;32.95;75;29;1;27.8;12;5.2;5
H9-;3431991;1;Kvi;98;114;10;SOL;NA;10;98;34.15;75;30;4;34.1;12;5.2;5.1
H9-;3431992;1;Kvi;98;111;9;TSN;NA;10;99;35.8;79;30;3;34.3;12;5.2;5.2
H9-;3431995;1;Kvi;98;114;11;TSN;NA;10;96;33.15;77;27;3;31.8;12.7;4.8;5.2
H9-;3431997;1;Kvi;98;135;11;MSR;NA;10;94;33;71;28;4;31.7;12.2;5;5.8
H9-;3431998;1;Kvi;98;107;10;MSR;NA;10;94;32.5;76;27;4;31;12.3;5.3;5.7
H9-;3439004;1;Kvi;98;107;8;MSR;NA;10;94;31.4;72;28;3;30;11.7;5.1;5.1
H9-;3439010;1;Kvi;98;122;7;JDT;NA;10;98;34.3;79;31;2;31.1;11.9;4.9;4.8
H9-;3439012;1;Kvi;98;114;8;TSN;NA;10;101;33.95;80;31;2;32.2;11.3;5;5.1
H9-;3439013;1;Kvi;98;117;12;TSN;NA;10;96;33.9;74;30;3;31.7;11.7;5;5.2
H9-;3439014;1;Kvi;98;117;12;JDT;NA;10;98;34.15;77;29;3;34.6;10.6;5.2;5.6
H9-;3439019;1;Kvi;98;129;11;MSR;NA;10;98;33.3;80;29;3;33;11.7;5.6;5.4
H9-82;3439104;1;Kvi;98;80;7;MSR;NA;10;99;32.7;79;28;2;29.9;12.1;5.3;4.9
H9-;3439110;1;Kvi;98;80;8;BNN;NA;10;96;32.7;73;28;2;29.5;11;5.1;5.1
H9-;3439124;1;Kvi;98;93;9;MSR;NA;10;95;33.6;75;28;3;27.4;11.2;5.3;5.2
H9-;3439124;2;Kvi;98;104;10;MSR;NA;10;93;33.35;73;25;4;30.5;11.8;5.2;5.3
H9-;3439129;1;Kvi;98;80;7;BNN;NA;10;97.5;33.8;74;28;1;29.6;12;5.2;5.2
H9-45;3439205;1;Kvi;98;77;6;MSR;NA;10;96;32.45;77;28;2;30.8;11.1;5.1;4.8
H9-97;3439208;1;Kvi;98;77;7;MSR;NA;10;99;34.2;81;29;1;32.7;12.1;5.2;4.9
H9-;3439217;1;Kvi;98;93;7;MSR;NA;10;99;34.3;78;29;4;32.9;12.8;5.5;5.6
H9-;3439218;1;Kvi;98;87;10;MSR;NA;10;94;32;70;27;2;26.9;11.7;5.1;5
H9-44;3439222;1;Kvi;98;97;7;MSR;NA;10;93;31.75;72;29;5;33.2;12.3;5.1;5.3
H9-;3439230;1;Kvi;98;93;10;MSR;NA;10;95;32.25;73;28;2;26.6;11.1;4.8;5.1
H9-;3439235;1;Kvi;98;93;9;MSR;NA;10;98;33.7;73;29;3;32.3;13.2;5.4;5.3
H9-;3439242;1;Kvi;98;97;8;MSR;NA;10;99;34.75;75;28;4;32.4;11.7;5.2;5.2
H9-;3439245;1;Kvi;98;97;10;MSR;NA;10;98;34;77;26;4;NA;11.5;5.3;5.1
H9-;3439246;1;Kvi;98;104;11;MSR;NA;10;99;34.7;77;28;4;34.6;12.8;5.3;5.3
H9-;3439253;1;Kvi;98;87;9;MSR;NA;10;NA;34;75;NA;2;35.3;11.8;5.2;5
H9-;3439254;1;Kvi;98;97;9;MSR;NA;10;97;34;78;28;3;34.6;11.9;5.4;5.1
V9-;3439255;1;Kvi;98;87;10;MSR;NA;10;NA;35.5;NA;NA;2;35.1;11.3;5;5.3
H9-;3439257;1;Kvi;98;87;9;MSR;NA;10;NA;33.8;NA;NA;2;32.1;11.9;5;5.1
H9-;3439258;1;Kvi;98;87;9;MSR;NA;10;NA;34.15;NA;NA;3;35.4;10.9;5;5.2
H-;3439344;1;Kvi;98;97;5;MSR;NA;10;95;32.9;76;28;3;29.3;11.8;5;5
H-;3439359;1;Kvi;98;107;11;MSR;NA;10;93;33.2;73;27;4;30;11.2;5.2;5
H-;3439360;1;Kvi;98;107;11;MSR;NA;10;95;30.9;75;28;2;28.3;12.2;5.5;5.7
H-;3439371;1;Kvi;98;117;11;JDT;NA;10;93;31.55;76;28;2;27.3;11.6;5.1;4.7
H-;3439371;2;Kvi;98;122;9;JDT;NA;10;93;31.6;75;30;2;26.6;12;5.5;4.8
H-;3439374;1;Kvi;98;126;11;SOL;NA;10;95;33.75;74;26;3;32.1;11.4;5.8;5.4
H-;3439375;1;Ess;98;127;7;JSD;NA;10;98;32.9;75;29;4;31.3;11.8;NA;5.1
H-;3439376;1;Kvi;98;129;8;MSR;NA;10;94;32.25;71;27;2;29.4;10.1;5.2;5.2
H8-;3431791;1;Kvi;97;134;8;MRA;NA;10;100;32.8;75;28;2;30.6;12.2;5.1;4.9
